rank,source_layer,project_id,url,date_checked,title,account,channel,niche,direction,budget_min,budget_max,budget_mid,offers,views,competition,decision,pay_mode,risk,est_hours,gross_rate_mid,confidence,source_files,next_action,notes
1,LIVE+CODEX,3198119,https://kwork.ru/projects/3198119,2026-06-15,Руководство как в 1С УНФ сделать контракты,Nastya,vitrine_first_or_point_exchange,1c,"1С, учет, ОСВ, акты",2000,2000,2000,11,912,mid,TAKE,IP_Nastya,med,5,400,high,market/2026-06-kwork-orders-ledger-LIVE.csv; market/2026-06-kwork-orders-ledger.csv,"вести как витринный кворк, на бирже отвечать точечно","высокий просмотр документная задача | Настин 1С/договорный контекст | buyer_orders=382; hire_percent=90; risk=Нужна точная версия 1С УНФ; action=Попросить версию 1С, скрины, цель инструкции, сделать пошаговый документ"
2,LIVE+CODEX,3197646,https://kwork.ru/projects/3197646,2026-06-15,Доработка бота в Salebot для ВК и ТГ,Vlad,active_exchange,tg-bot,"AI, боты, CRM",5000,15000,10000,31,857,high,TAKE WITH SCOPE,SE_Vlad,med,10,1000,high,market/2026-06-kwork-orders-ledger-LIVE.csv; market/2026-06-kwork-orders-ledger.csv,"отклик: карта процесса, один сценарий, риски, тесты","доработка конструктора | Боты, личный кабинет, рефералы, статусы | buyer_orders=8; hire_percent=20; risk=Зависимость от Salebot и чужих доступов; action=Попросить схему текущего бота, доступ тестовый, список сценариев, логи ошибок"
3,LIVE+CODEX,3198248,https://kwork.ru/projects/3198248,2026-06-15,Разработка шаблона оформления кейсов компании,Vlad,active_exchange,kp-b2b,"B2B, КП, лиды",4000,12000,8000,19,634,mid,TAKE,SE_Vlad,med,3,2667,high,market/2026-06-kwork-orders-ledger-LIVE.csv; market/2026-06-kwork-orders-ledger.csv,"отклик: критерии ICP, тест 20 строк, источник, статус","упаковка кейсов - зона Влада | Сильное совпадение с упаковкой кейсов и B2B смыслом | buyer_orders=11; hire_percent=50; risk=Нужны бренд-материалы; action=Собрать структуру кейса: проблема, контекст, решение, цифры, доказательства, CTA"
4,LIVE+CODEX,3198558,https://kwork.ru/projects/3198558,2026-06-16,Собрать базу организаций для обзвона,Vlad,active_exchange,data-excel,Excel и таблицы,1500,4500,3000,10,203,mid,TAKE,SE_Vlad,low,4,750,high,market/2026-06-kwork-orders-ledger-LIVE.csv; market/2026-06-kwork-orders-ledger.csv,отклик только если объем и приемка ясны,"парсинг+таблица | Простой тест на сбор базы и фильтры | buyer_orders=45; hire_percent=57; risk=Низкий чек, нужен быстрый шаблон; action=Собери 50 организаций с источником, сайтом, контактом, причиной попадания и статусом"
5,LIVE+CODEX,3198468,https://kwork.ru/projects/3198468,2026-06-16,Разработка асинхронного Python парсера для AmoCRM,Vlad,active_exchange,python,"Python, парсинг, данные",7000,21000,14000,15,326,mid,TAKE,SE_Vlad,med,8,1750,high,market/2026-06-kwork-orders-ledger-LIVE.csv; market/2026-06-kwork-orders-ledger.csv,"отклик: MVP одного источника, логи, ограничения","идеальная зона Влада | Python парсер + amoCRM + лидогенерация, сильная связка для Vlad | buyer_orders=25; hire_percent=41; risk=Риск недооценки real-time и отказоустойчивости; action=Сначала аудит ТЗ, затем MVP-парсер 1 источника, лог ошибок, схема интеграции amoCRM"
6,LIVE+CODEX,3197770,https://kwork.ru/projects/3197770,2026-06-15,Доработка отчётов в DataLence,Vlad,active_exchange,python,"Python, парсинг, данные",10000,30000,20000,33,711,high,TAKE WITH SCOPE,SE_Vlad,med,8,2500,high,market/2026-06-kwork-orders-ledger-LIVE.csv; market/2026-06-kwork-orders-ledger.csv,"отклик: MVP одного источника, логи, ограничения","BI/данные | Аналитический отчет, метрики, таблицы | buyer_orders=1; hire_percent=0; risk=Нужен опыт DataLens и доступ; action=Попросить ТЗ, текущий дашборд, список показателей, источники данных"
7,LIVE+CODEX,3195831,https://kwork.ru/projects/3195831,2026-06-12,Изучить скрипты Python и устранить ошибки,Vlad,active_exchange,python,"Python, парсинг, данные",12000,36000,24000,120,1113,red,LOW PRIORITY,SE_Vlad,med,8,3000,high,market/2026-06-kwork-orders-ledger-LIVE.csv; market/2026-06-kwork-orders-ledger.csv,"отклик: MVP одного источника, логи, ограничения","много откликов «почини скрипт» | Python, Telegram, API, debug - хорошее направление | buyer_orders=4; hire_percent=100; risk=Нужен доступ к коду и тестовой среде; action=Попросить репозиторий/архив, ошибку, .env.example без секретов, сценарий воспроизведения"
8,LIVE+CODEX,3198330,https://kwork.ru/projects/3198330,2026-06-16,Разработать интернет-магазин (сайт уже есть),Vlad,active_exchange,web,"Web, WordPress, SEO",10000,30000,20000,29,659,high,TAKE WITH SCOPE,SE_Vlad,med,6,3333,high,market/2026-06-kwork-orders-ledger-LIVE.csv; market/2026-06-kwork-orders-ledger.csv,отклик только если объем и приемка ясны,"e-commerce доработка | Можно через ТЗ, структуру каталога и базовую реализацию | buyer_orders=3; hire_percent=100; risk=Разработка под ключ может быть шире навыков/срока; action=Предложить discovery + ТЗ + MVP-каталог, не обещать полный e-commerce без аудита"
9,LIVE,3198791,https://kwork.ru/projects/3198791,2026-06-16,1С Автосервис - доработка,Vlad,active_exchange,1c,"1С, учет, ОСВ, акты",7000,21000,14000,4,101,low,TAKE FIRST,SE_Vlad,low,5,2800,high-live,market/2026-06-kwork-orders-ledger-LIVE.csv,отклик только если объем и приемка ясны,живой 16.06 - мало откликов хороший вход
10,LIVE,3198286,https://kwork.ru/projects/3198286,2026-06-16,Восстановление бух учета СБИС/Сабy,Nastya,vitrine_first_or_point_exchange,accounting,"1С, учет, ОСВ, акты",2000,2000,2000,5,245,low,TAKE FIRST,IP_Nastya,low,5,400,high-live,market/2026-06-kwork-orders-ledger-LIVE.csv,"вести как витринный кворк, на бирже отвечать точечно",редкий чистый бух-заказ
11,LIVE,3198627,https://kwork.ru/projects/3198627,2026-06-16,Удаленный Бухгалтер,Nastya,vitrine_first_or_point_exchange,accounting,"1С, учет, ОСВ, акты",4000,12000,8000,15,162,mid,TAKE,IP_Nastya,low,5,1600,high-live,market/2026-06-kwork-orders-ledger-LIVE.csv,"вести как витринный кворк, на бирже отвечать точечно",единственный активный по «бухгалтер»
12,LIVE,3196862,https://kwork.ru/projects/3196862,2026-06-14,Программа учета для магазина автозапчастей на 1с,Vlad,active_exchange,1c,"1С, учет, ОСВ, акты",60000,180000,120000,27,708,high,TAKE WITH SCOPE,SE_Vlad,low,18,6667,high-live,market/2026-06-kwork-orders-ledger-LIVE.csv,отклик только если объем и приемка ясны,крупный бюджет 1С-разработка
13,LIVE,3198694,https://kwork.ru/projects/3198694,2026-06-16,Автоматизация отчётов и анализа рекламных кабинетов VK,Vlad,active_exchange,mkt-analytics,Маркетинговая аналитика,30000,90000,60000,19,284,mid,TAKE,SE_Vlad,low,6,10000,high-live,market/2026-06-kwork-orders-ledger-LIVE.csv,отклик только если объем и приемка ясны,автоматизация отчётности
14,LIVE,3197747,https://kwork.ru/projects/3197747,2026-06-15,Анализ Google Ads (хостелы/отели),Vlad,active_exchange,mkt-analytics,Маркетинговая аналитика,10000,30000,20000,20,282,mid,TAKE,SE_Vlad,low,6,3333,high-live,market/2026-06-kwork-orders-ledger-LIVE.csv,отклик только если объем и приемка ясны,маркетинг-аналитика
15,LIVE,3195547,https://kwork.ru/projects/3195547,2026-06-11,Анализ конкурентов,Vlad,active_exchange,mkt-analytics,Маркетинговая аналитика,3500,3500,3500,22,328,high,TAKE WITH SCOPE,SE_Vlad,low,6,583,high-live,market/2026-06-kwork-orders-ledger-LIVE.csv,отклик только если объем и приемка ясны,конкурентный анализ
16,LIVE,3198647,https://kwork.ru/projects/3198647,2026-06-16,Разработка стиля карточек и витрины для маркетплейсов,Shared,active_exchange,marketplace,Маркетплейсы,10000,30000,20000,27,579,high,TAKE WITH SCOPE,clarify,low,6,3333,high-live,market/2026-06-kwork-orders-ledger-LIVE.csv,отклик только если объем и приемка ясны,дизайн+контент МП
17,LIVE,3197828,https://kwork.ru/projects/3197828,2026-06-15,Создание контента для маркетплейсов с помощью ИИ,Vlad,active_exchange,marketplace,Маркетплейсы,5000,15000,10000,96,1219,red,TAKE ONLY if bounded and proof useful,SE_Vlad,med,,,high-live,market/2026-06-kwork-orders-ledger-LIVE.csv,отклик только если объем и приемка ясны,красный океан ИИ-контент
18,LIVE,3198518,https://kwork.ru/projects/3198518,2026-06-16,Карточка товара,Shared,active_exchange,marketplace,Маркетплейсы,2000,6000,4000,125,838,red,TAKE ONLY if bounded and proof useful,clarify,med,,,high-live,market/2026-06-kwork-orders-ledger-LIVE.csv,отклик только если объем и приемка ясны,commodity 125 откликов
19,LIVE,3195348,https://kwork.ru/projects/3195348,2026-06-11,Техническое задание на проектирование бани,Skip,active_exchange,tz,"ТЗ, структура, Gantt",7000,21000,14000,2,632,low,SKIP,clarify,low,4,3500,high-live,market/2026-06-kwork-orders-ledger-LIVE.csv,"отклик: ТЗ, вопросы, границы ответственности",ТЗ=стройка не IT
20,LIVE,3198782,https://kwork.ru/projects/3198782,2026-06-16,Поддержка и развитие портала Битрикс24,Vlad,active_exchange,crm-bitrix,"AI, боты, CRM",25000,75000,50000,5,181,low,TAKE FIRST,SE_Vlad,low,10,5000,high-live,market/2026-06-kwork-orders-ledger-LIVE.csv,"отклик: карта процесса, один сценарий, риски, тесты",поддержка CRM мало откликов
21,LIVE,3198141,https://kwork.ru/projects/3198141,2026-06-15,Настройка Битрикс24 Облако для стоматологии,Vlad,active_exchange,crm-bitrix,"AI, боты, CRM",40000,120000,80000,17,638,mid,DISCOVERY ONLY,SE_Vlad,med,24,3333,high-live,market/2026-06-kwork-orders-ledger-LIVE.csv,отвечать только на платный аудит и фазирование,CRM-настройка
22,LIVE,3198370,https://kwork.ru/projects/3198370,2026-06-16,Анализ записей телефонных разговоров с ИИ,Vlad,active_exchange,ai-bot,"AI, боты, CRM",5000,15000,10000,21,454,high,TAKE WITH SCOPE,SE_Vlad,low,10,1000,high-live,market/2026-06-kwork-orders-ledger-LIVE.csv,"отклик: карта процесса, один сценарий, риски, тесты",AI-обработка речи
23,LIVE,3197935,https://kwork.ru/projects/3197935,2026-06-15,Корпоративный мессенджер для компании,Vlad,active_exchange,crm-bitrix,"AI, боты, CRM",100000,200000,150000,40,556,high,DISCOVERY ONLY,SE_Vlad,med,24,6250,high-live,market/2026-06-kwork-orders-ledger-LIVE.csv,отвечать только на платный аудит и фазирование,крупная разработка
24,LIVE,3198567,https://kwork.ru/projects/3198567,2026-06-16,Исправить ошибки в работе бота,Vlad,active_exchange,tg-bot,"AI, боты, CRM",6500,19500,13000,47,605,high,TAKE WITH SCOPE,SE_Vlad,low,10,1300,high-live,market/2026-06-kwork-orders-ledger-LIVE.csv,"отклик: карта процесса, один сценарий, риски, тесты",фикс-задача
25,LIVE,3197479,https://kwork.ru/projects/3197479,2026-06-15,ИИ бот для наблюдения за видеокамерами,Vlad,active_exchange,ai-bot,"AI, боты, CRM",100000,200000,150000,55,674,high,DISCOVERY ONLY,SE_Vlad,med,24,6250,high-live,market/2026-06-kwork-orders-ledger-LIVE.csv,отвечать только на платный аудит и фазирование,CV/AI крупный бюджет
26,LIVE,3198201,https://kwork.ru/projects/3198201,2026-06-15,Создать телеграмм бот,Vlad,active_exchange,tg-bot,"AI, боты, CRM",500,500,500,87,1053,red,LOW PRIORITY,SE_Vlad,med,10,50,high-live,market/2026-06-kwork-orders-ledger-LIVE.csv,"отклик: карта процесса, один сценарий, риски, тесты",демпинг 500₽ 87 откликов
27,LIVE,3197238,https://kwork.ru/projects/3197238,2026-06-14,AI бот для MAX и TG + интеграция платёжной системы,Vlad,active_exchange,ai-bot,"AI, боты, CRM",50000,150000,100000,92,890,red,DISCOVERY ONLY,SE_Vlad,med,24,4167,high-live,market/2026-06-kwork-orders-ledger-LIVE.csv,отвечать только на платный аудит и фазирование,крупный AI-бот высокий спрос
28,LIVE,3198732,https://kwork.ru/projects/3198732,2026-06-16,Поиск каналов продаж для агентства недвижимости,Vlad,active_exchange,kp-b2b,"B2B, КП, лиды",25000,75000,50000,1,128,low,TAKE FIRST,SE_Vlad,low,8,6250,high-live,market/2026-06-kwork-orders-ledger-LIVE.csv,"отклик: критерии ICP, тест 20 строк, источник, статус",GTM-консалтинг мало откликов
29,LIVE,3197922,https://kwork.ru/projects/3197922,2026-06-15,Поиск B2B клиентов для маркетингового агентства,Vlad,active_exchange,kp-b2b,"B2B, КП, лиды",200000,200000,200000,2,573,low,TAKE FIRST,SE_Vlad,low,8,25000,high-live,market/2026-06-kwork-orders-ledger-LIVE.csv,"отклик: критерии ICP, тест 20 строк, источник, статус",B2B продажи мало откликов
30,LIVE,3197613,https://kwork.ru/projects/3197613,2026-06-15,Плачу % за привлечение селлеров WB/Ozon,Nastya,vitrine_first_or_point_exchange,leadgen,"B2B, КП, лиды",200000,200000,200000,5,493,low,TAKE FIRST,IP_Nastya,low,8,25000,high-live,market/2026-06-kwork-orders-ledger-LIVE.csv,"отклик: критерии ICP, тест 20 строк, источник, статус",партнёрка не наша
31,LIVE,3198707,https://kwork.ru/projects/3198707,2026-06-16,Заключить 99 договоров с кадровыми агентствами,Nastya,vitrine_first_or_point_exchange,leadgen,"B2B, КП, лиды",6000,6000,6000,0,227,low,TAKE FIRST,IP_Nastya,low,3,2000,high-live,market/2026-06-kwork-orders-ledger-LIVE.csv,"отклик: критерии ICP, тест 20 строк, источник, статус",холодный обзвон не наш
32,LIVE,3192226,https://kwork.ru/projects/3192226,2026-06-06,Поиск заказов (для агентства),Nastya,vitrine_first_or_point_exchange,leadgen,"B2B, КП, лиды",30000,90000,60000,0,1136,low,TAKE FIRST,IP_Nastya,low,8,7500,high-live,market/2026-06-kwork-orders-ledger-LIVE.csv,"отклик: критерии ICP, тест 20 строк, источник, статус",не наша
33,LIVE,3198339,https://kwork.ru/projects/3198339,2026-06-16,Сделать отчёт по посещаемости,Shared,active_exchange,data-excel,Excel и таблицы,1000,3000,2000,13,301,mid,TAKE,clarify,low,4,500,high-live,market/2026-06-kwork-orders-ledger-LIVE.csv,отклик только если объем и приемка ясны,таблица-отчёт
34,LIVE,3198376,https://kwork.ru/projects/3198376,2026-06-16,Перепечатать данные из рукописного журнала в Excel,Shared,active_exchange,excel-entry,Excel и таблицы,1000,3000,2000,121,997,red,BURY: manual Excel red ocean,clarify,med,,,high-live,market/2026-06-kwork-orders-ledger-LIVE.csv,"не откликаться, использовать как антипример",ручной ввод - не брать
35,LIVE,3198005,https://kwork.ru/projects/3198005,2026-06-15,PDF в Excel,Shared,active_exchange,excel-entry,Excel и таблицы,2500,2500,2500,327,1862,red,BURY: manual Excel red ocean,clarify,med,,,high-live,market/2026-06-kwork-orders-ledger-LIVE.csv,"не откликаться, использовать как антипример",327 откликов commodity
36,LIVE,3198710,https://kwork.ru/projects/3198710,2026-06-16,Написать ядро сборщика из карточек товара (парсер),Vlad,active_exchange,parsing,"Python, парсинг, данные",10000,10000,10000,11,313,mid,TAKE,SE_Vlad,low,8,1250,high-live,market/2026-06-kwork-orders-ledger-LIVE.csv,"отклик: MVP одного источника, логи, ограничения",парсинг МП - зона Влада
37,LIVE,3198621,https://kwork.ru/projects/3198621,2026-06-16,Нужна выгрузка компаний по г. Москва,Vlad,active_exchange,parsing,"Python, парсинг, данные",1000,3000,2000,13,184,mid,TAKE,SE_Vlad,low,8,250,high-live,market/2026-06-kwork-orders-ledger-LIVE.csv,"отклик: MVP одного источника, логи, ограничения",парсинг+выгрузка
38,LIVE,3198019,https://kwork.ru/projects/3198019,2026-06-15,Сбор/парсинг Telegram-каналов: бьюти,Vlad,active_exchange,parsing,"Python, парсинг, данные",500,500,500,18,355,mid,TAKE,SE_Vlad,low,8,63,high-live,market/2026-06-kwork-orders-ledger-LIVE.csv,"отклик: MVP одного источника, логи, ограничения",дешёвый парсинг
39,LIVE,3196048,https://kwork.ru/projects/3196048,2026-06-12,Разработать аналог сайта + парсинг/наполнение,Vlad,active_exchange,parsing,"Python, парсинг, данные",30000,90000,60000,30,1706,high,TAKE WITH SCOPE,SE_Vlad,low,16,3750,high-live,market/2026-06-kwork-orders-ledger-LIVE.csv,"отклик: MVP одного источника, логи, ограничения",крупный парсинг+сайт
40,LIVE,3198488,https://kwork.ru/projects/3198488,2026-06-16,Дополнить робота по автоответам на Ozon,Vlad,active_exchange,python,"Python, парсинг, данные",1000,3000,2000,39,619,high,TAKE WITH SCOPE,SE_Vlad,low,8,250,high-live,market/2026-06-kwork-orders-ledger-LIVE.csv,"отклик: MVP одного источника, логи, ограничения",дешёвый но много откликов
41,LIVE,2545228,https://kwork.ru/projects/2545228,архив,Доработка парсера,Vlad,active_exchange,parsing,"Python, парсинг, данные",30000,90000,60000,48,2031,high,TAKE WITH SCOPE,SE_Vlad,low,16,3750,high-live,market/2026-06-kwork-orders-ledger-LIVE.csv,"отклик: MVP одного источника, логи, ограничения",старый но активный
42,LIVE,3198797,https://kwork.ru/projects/3198797,2026-06-16,Редактирование сценария oktell,Vlad,active_exchange,python,"Python, парсинг, данные",3000,9000,6000,0,91,low,TAKE FIRST,SE_Vlad,low,8,750,high-live,market/2026-06-kwork-orders-ledger-LIVE.csv,"отклик: MVP одного источника, логи, ограничения",телефония-скрипт ноль откликов
43,LIVE,3186308,https://kwork.ru/projects/3186308,29 мая,Требуется вёрстка нескольких страниц (Figma→HTML),Vlad,active_exchange,web,"Web, WordPress, SEO",20000,60000,40000,3,1040,low,TAKE FIRST,SE_Vlad,low,6,6667,high-live,market/2026-06-kwork-orders-ledger-LIVE.csv,отклик только если объем и приемка ясны,вёрстка мало откликов
44,LIVE,3198790,https://kwork.ru/projects/3198790,2026-06-16,Создать одностраничный сайт,Vlad,active_exchange,web,"Web, WordPress, SEO",15000,45000,30000,25,193,high,TAKE WITH SCOPE,SE_Vlad,low,6,5000,high-live,market/2026-06-kwork-orders-ledger-LIVE.csv,отклик только если объем и приемка ясны,лендинг конкурентно
45,LIVE,3197965,https://kwork.ru/projects/3197965,2026-06-15,Провести SEO-аудит и подготовить план,Skip,active_exchange,seo,"Web, WordPress, SEO",15000,45000,30000,32,354,high,SKIP,clarify,low,6,5000,high-live,market/2026-06-kwork-orders-ledger-LIVE.csv,отклик только если объем и приемка ясны,не наша ниша
46,CODEX,3197398,https://kwork.ru/projects/3197398,2026-06-16,"Маркировка товара Честный знак, косметика",Nastya,exchange_or_screenshot,accounting_tables_1c,"1С, учет, ОСВ, акты",30000,30000,30000,1,,low,PARITY,IP_Nastya,med,10,3000,medium,market/2026-06-kwork-orders-ledger.csv,buyer_orders=1; hire_percent=100; risk=Нужна точная экспертиза по маркировке; action=Брать только консультационный разбор и список действий после уточнения опыта,"Документы, маркировка, 1С, товарные группы | Документы, маркировка, 1С, товарные группы | buyer_orders=1; hire_percent=100; risk=Нужна точная экспертиза по маркировке; action=Брать только консультационный разбор и список действий после уточнения опыта"
47,CODEX,2503131,https://kwork.ru/projects/2503131,2026-06-16,Интеграция сайта на 1С-Битрикс и 1С,Vlad,exchange_or_screenshot,accounting_tables_1c,"1С, учет, ОСВ, акты",10000,10000,10000,3,,low,PARITY,SE_Vlad,med,10,1000,medium,market/2026-06-kwork-orders-ledger.csv,buyer_orders=29; hire_percent=50; risk=Риск старого модуля и чужой 1С; action=Брать только диагностику и ТЗ на восстановление обмена,"Интеграционная логика близка, но 1С-Битрикс глубже | Интеграционная логика близка, но 1С-Битрикс глубже | buyer_orders=29; hire_percent=50; risk=Риск старого модуля и чужой 1С; action=Брать только диагностику и ТЗ на восстановление обмена"
48,CODEX,3195315,https://kwork.ru/projects/3195315,2026-06-16,Заявка на сертификаты соответствия для мебели,Nastya,exchange_or_screenshot,contracts_certification_documents,"Документы, договоры, заявки",9000,9000,9000,1,,low,TAKE,IP_Nastya,low,6,1500,medium,market/2026-06-kwork-orders-ledger.csv,"buyer_orders=85; hire_percent=80; risk=Не обещать выдачу сертификата; action=Разобрать комплект, таблицу позиций, вопросы к органу сертификации, чек-лист недостающего","Сертификация, документы, перечни, группы товаров | Сертификация, документы, перечни, группы товаров | buyer_orders=85; hire_percent=80; risk=Не обещать выдачу сертификата; action=Разобрать комплект, таблицу позиций, вопросы к органу сертификации, чек-лист недостающего"
49,CODEX,3198018,https://kwork.ru/projects/3198018,2026-06-16,Вывод товара в розничные сети и договор поставки,Nastya,exchange_or_screenshot,contracts_certification_documents,"Документы, договоры, заявки",9000,9000,9000,1,,low,TAKE_WITH_BOUNDARY,IP_Nastya,med,7,1286,medium,market/2026-06-kwork-orders-ledger.csv,"buyer_orders=18; hire_percent=67; risk=Не обещать одобрение сети; action=Предложить пакет: КП, список сетей, письмо, карта требований, договорные риски","Поставка, договор, розничные сети, коммерческая логика | Поставка, договор, розничные сети, коммерческая логика | buyer_orders=18; hire_percent=67; risk=Не обещать одобрение сети; action=Предложить пакет: КП, список сетей, письмо, карта требований, договорные риски"
50,CODEX,3198106,https://kwork.ru/projects/3198106,2026-06-16,Поиск тендеров и подготовка заявки,Nastya,exchange_or_screenshot,contracts_certification_documents,"Документы, договоры, заявки",9000,9000,9000,1,,low,TAKE,IP_Nastya,med,5,1800,medium,market/2026-06-kwork-orders-ledger.csv,"buyer_orders=4; hire_percent=100; risk=Риск ЭЦП и чужих кабинетов; action=Зафиксировать: без ЭЦП, только поиск, чек-лист, документы, текст заявки","Совпадает со скрином: тендеры, ЭЦП не дается, удаленный доступ | Совпадает со скрином: тендеры, ЭЦП не дается, удаленный доступ | buyer_orders=4; hire_percent=100; risk=Риск ЭЦП и чужих кабинетов; action=Зафиксировать: без ЭЦП, только поиск, чек-лист, документы, текст заявки"
51,CODEX,codex_row_73,spouse_kwork/assets/kwork_request_screenshots/04_certificate_application.png,2026-06-15,Помощь в оформлении заявки на сертификат соответствия,Nastya,exchange_or_screenshot,contracts_certification_documents,"Документы, договоры, заявки",3000,3000,3000,2,,low,TAKE,IP_Nastya,low,3,1000,medium,market/2026-06-kwork-orders-ledger.csv,"buyer_orders=85; hire_percent=80; risk=Не обещать выдачу сертификата; action=Разобрать файлы, сгруппировать позиции, дать вопросы к органу сертификации","Документы, спецификация, перечень изделий"
52,CODEX,codex_row_79,spouse_kwork/assets/kwork_request_screenshots/15_bank_mfo_legal_dispute.png,2026-06-15,Спор с банком или МФО для ИП/ООО,Nastya,exchange_or_screenshot,contracts_certification_documents,"Документы, договоры, заявки",5000,5000,5000,13,,mid,TAKE_WITH_BOUNDARY,IP_Nastya,med,5,1000,medium,market/2026-06-kwork-orders-ledger.csv,"buyer_orders=1; hire_percent=0; risk=Не обещать судебный результат; action=Собрать хронологию, таблицу начислений, спорные пункты, вопросы юристу","Договор, начисления, позиция, таблица спора"
53,CODEX,codex_row_71,spouse_kwork/assets/kwork_request_screenshots/01_tender_search_application.png,2026-06-15,Поиск тендеров и подготовка заявки,Nastya,exchange_or_screenshot,contracts_certification_documents,"Документы, договоры, заявки",3000,3000,3000,0,,low,TAKE,IP_Nastya,high,3,1000,medium,market/2026-06-kwork-orders-ledger.csv,buyer_orders=4; hire_percent=100; risk=Нельзя работать чужой ЭЦП; action=Отклик из файла spouse_kwork/12_KWORK_REQUEST_EXAMPLES_FROM_SCREENSHOTS_RU.md,Скрин подтверждает спрос на заявки и ЭЦП-границы
54,CODEX,3186458,https://kwork.ru/projects/3186458,2026-06-16,Сайт детского спортивного психолога,Vlad,exchange_or_screenshot,mixed_business_task,Смешанные бизнес-задачи,30000,30000,30000,1,,low,TAKE_AS_POSITIONING,SE_Vlad,low,14,2143,medium,market/2026-06-kwork-orders-ledger.csv,"buyer_orders=39; hire_percent=40; risk=Дизайн/разработка могут съесть бюджет; action=Предложить структуру сайта, оффер, тексты, прототип; разработку отдельно","Нужна суть продукта, структура, тексты, сайт | Нужна суть продукта, структура, тексты, сайт | buyer_orders=39; hire_percent=40; risk=Дизайн/разработка могут съесть бюджет; action=Предложить структуру сайта, оффер, тексты, прототип; разработку отдельно"
55,CODEX,3198125,https://kwork.ru/projects/3198125,2026-06-16,Упаковка Авито аккаунта,Vlad,exchange_or_screenshot,mixed_business_task,Смешанные бизнес-задачи,5000,5000,5000,1,,low,PARITY,SE_Vlad,med,5,1000,medium,market/2026-06-kwork-orders-ledger.csv,"buyer_orders=1; hire_percent=0; risk=Не основной профиль без визуального портфолио; action=Взять только как структура, тексты и ТЗ для дизайна","Фирменный стиль, шаблоны, карточки, тексты | Фирменный стиль, шаблоны, карточки, тексты | buyer_orders=1; hire_percent=0; risk=Не основной профиль без визуального портфолио; action=Взять только как структура, тексты и ТЗ для дизайна"
56,CODEX,3193260,https://kwork.ru/projects/3193260,2026-06-16,Rich-контент и инфографика для Ozon,Nastya,exchange_or_screenshot,mixed_business_task,Смешанные бизнес-задачи,30000,30000,30000,1,,low,PARITY,IP_Nastya,med,15,2000,medium,market/2026-06-kwork-orders-ledger.csv,buyer_orders=2; hire_percent=100; risk=Нужен дизайнерский портфель; action=Брать только текстовую структуру карточки и ТЗ для дизайнера,"Маркетплейсы и смысловая воронка близко, дизайн слабее | Маркетплейсы и смысловая воронка близко, дизайн слабее | buyer_orders=2; hire_percent=100; risk=Нужен дизайнерский портфель; action=Брать только текстовую структуру карточки и ТЗ для дизайнера"
57,CODEX,3198066,https://kwork.ru/projects/3198066,2026-06-16,100 холодных звонков по базе владельцев бизнеса,Vlad,exchange_or_screenshot,mixed_business_task,Смешанные бизнес-задачи,9000,9000,9000,1,,low,LOSE,SE_Vlad,high,12,750,medium,market/2026-06-kwork-orders-ledger.csv,"buyer_orders=8; hire_percent=43; risk=Не тот формат, низкая ставка; action=Можно предложить скрипт звонка, сегментацию, таблицу статусов","Продажи есть, но работа телефонного оператора | Продажи есть, но работа телефонного оператора | buyer_orders=8; hire_percent=43; risk=Не тот формат, низкая ставка; action=Можно предложить скрипт звонка, сегментацию, таблицу статусов"
58,CODEX,3198398,https://kwork.ru/projects/3198398,2026-06-16,Реклама премиум-кухонь в Москве и МО,Vlad,exchange_or_screenshot,mixed_business_task,Смешанные бизнес-задачи,75000,75000,75000,1,,low,LOSE,SE_Vlad,high,25,3000,medium,market/2026-06-kwork-orders-ledger.csv,"buyer_orders=10; hire_percent=100; risk=Нужен директолог с кейсами, это не стартовый профиль; action=Не брать; можно предложить аудит воронки и КП","B2B/GTM частично близко | B2B/GTM частично близко | buyer_orders=10; hire_percent=100; risk=Нужен директолог с кейсами, это не стартовый профиль; action=Не брать; можно предложить аудит воронки и КП"
59,CODEX,3192274,https://kwork.ru/projects/3192274,2026-06-16,Поиск покупателя для готового AI-стартапа,Vlad,exchange_or_screenshot,mixed_business_task,Смешанные бизнес-задачи,90000,90000,90000,1,,low,PARITY,SE_Vlad,med,20,4500,medium,market/2026-06-kwork-orders-ledger.csv,"buyer_orders=39; hire_percent=58; risk=Продажа стартапа без базы инвесторов сложна; action=Предложить список гипотез покупателей, питч, письмо, CRM-таблицу","AI-продукт, buyer list, упаковка сделки | AI-продукт, buyer list, упаковка сделки | buyer_orders=39; hire_percent=58; risk=Продажа стартапа без базы инвесторов сложна; action=Предложить список гипотез покупателей, питч, письмо, CRM-таблицу"
60,CODEX,3198231,https://kwork.ru/projects/3198231,2026-06-16,Холодные звонки по базе для выхода на ЛПР,Vlad,exchange_or_screenshot,mixed_business_task,Смешанные бизнес-задачи,45000,45000,45000,2,,low,LOSE,SE_Vlad,high,25,1800,medium,market/2026-06-kwork-orders-ledger.csv,"buyer_orders=29; hire_percent=25; risk=Не наш формат, высокая эмоциональная цена; action=Не брать как звонки; можно предложить скрипт, сегментацию и CRM-таблицу","B2B навык есть, но это операционный колл-центр | B2B навык есть, но это операционный колл-центр | buyer_orders=29; hire_percent=25; risk=Не наш формат, высокая эмоциональная цена; action=Не брать как звонки; можно предложить скрипт, сегментацию и CRM-таблицу"
61,CODEX,3197546,https://kwork.ru/projects/3197546,2026-06-16,HTML-страница с аналитическими данными,Vlad,exchange_or_screenshot,mixed_business_task,Смешанные бизнес-задачи,15000,15000,15000,4,,low,TAKE_WITH_SCOPE,SE_Vlad,low,10,1500,medium,market/2026-06-kwork-orders-ledger.csv,"buyer_orders=382; hire_percent=90; risk=Требуется уточнение интеграции с Битрикс; action=Сначала макет данных, затем статическая HTML-страница и список API-долга","Влад может собрать HTML/дашборд/структуру метрик | Влад может собрать HTML/дашборд/структуру метрик | buyer_orders=382; hire_percent=90; risk=Требуется уточнение интеграции с Битрикс; action=Сначала макет данных, затем статическая HTML-страница и список API-долга"
62,CODEX,codex_row_76,spouse_kwork/assets/kwork_request_screenshots/09_gemini_prompt.png,2026-06-15,Промпт для Gemini,Vlad,exchange_or_screenshot,mixed_business_task,Смешанные бизнес-задачи,1000,1000,1000,16,,mid,LOSE_LOW_CHECK,SE_Vlad,high,2,500,medium,market/2026-06-kwork-orders-ledger.csv,buyer_orders=250; hire_percent=37; risk=Забирает внимание за копейки; action=Брать только как быстрый шаблон без переписки,"Промпты есть, но чек слишком низкий и конкуренция высокая"
63,CODEX,codex_row_77,spouse_kwork/assets/kwork_request_screenshots/10_bathhouse_technical_spec.png,2026-06-15,ТЗ на проектирование бани,Vlad,exchange_or_screenshot,tz_structure_gantt,"ТЗ, структура, Gantt",7000,7000,7000,2,,low,TAKE_AS_TZ_ONLY,SE_Vlad,low,4,1750,medium,market/2026-06-kwork-orders-ledger.csv,"buyer_orders=26; hire_percent=70; risk=Не делать инженерный проект; action=Отклик: не проектирую, но соберу ТЗ для инженера","Можно собрать ТЗ, вопросы, чек-лист исходных данных"
64,CODEX,codex_row_75,spouse_kwork/assets/kwork_request_screenshots/08_xmind_geography_travel.png,2026-06-15,XMind схема по географии и путешествиям,Vlad,exchange_or_screenshot,tz_structure_gantt,"ТЗ, структура, Gantt",5000,5000,5000,10,,mid,TAKE_FAST,SE_Vlad,low,4,1250,medium,market/2026-06-kwork-orders-ledger.csv,buyer_orders=4; hire_percent=75; risk=Низкий чек при большом объеме; action=Сначала один фрагмент схемы и правило подсчета ячеек,"Структурирование, mind map, инструкция"
65,CODEX,3198001,https://kwork.ru/projects/3198001,2026-06-16,AI-агент для обработки входящих заявок,Vlad,exchange_or_screenshot,crm_leads_automation,"AI, боты, CRM",200000,200000,200000,1,,low,DANGER_DISCOVERY_ONLY,SE_Vlad,high,35,5714,medium,market/2026-06-kwork-orders-ledger.csv,"buyer_orders=1; hire_percent=0; risk=Высокий чек, новый покупатель, нужен контракт и фазы; action=Ответить только на paid discovery: схема потоков, роли, риски, прототип одного канала","Стратегически профиль Vlad: заявки, Telegram, WhatsApp, CRM, AI | Стратегически профиль Vlad: заявки, Telegram, WhatsApp, CRM, AI | buyer_orders=1; hire_percent=0; risk=Высокий чек, новый покупатель, нужен контракт и фазы; action=Ответить только на paid discovery: схема потоков, роли, риски, прототип одного канала"
66,CODEX,3197649,https://kwork.ru/projects/3197649,2026-06-16,Заявки с сайта и квиза в amoCRM,Vlad,exchange_or_screenshot,crm_leads_automation,"AI, боты, CRM",15000,15000,15000,1,,low,TAKE,SE_Vlad,low,8,1875,medium,market/2026-06-kwork-orders-ledger.csv,"buyer_orders=7; hire_percent=60; risk=Может быть скрытая серверная часть; action=Сделать аудит форм, карту полей amoCRM, тестовую заявку, чек-лист исправлений","WordPress формы, квиз, amoCRM, лид-логика | WordPress формы, квиз, amoCRM, лид-логика | buyer_orders=7; hire_percent=60; risk=Может быть скрытая серверная часть; action=Сделать аудит форм, карту полей amoCRM, тестовую заявку, чек-лист исправлений"
67,CODEX,3198598,https://kwork.ru/projects/3198598,2026-06-16,Доработка карточки клиента в amoCRM,Vlad,exchange_or_screenshot,crm_leads_automation,"AI, боты, CRM",7500,7500,7500,1,,low,TAKE,SE_Vlad,low,4,1875,medium,market/2026-06-kwork-orders-ledger.csv,"buyer_orders=4; hire_percent=100; risk=Нужен доступ и понимание телефонии; action=Проверить текущую карточку, описать меню Telegram/WhatsApp/Max и отдать схему внедрения","Малый CRM-функционал, быстрый результат | Малый CRM-функционал, быстрый результат | buyer_orders=4; hire_percent=100; risk=Нужен доступ и понимание телефонии; action=Проверить текущую карточку, описать меню Telegram/WhatsApp/Max и отдать схему внедрения"
68,CODEX,3198690,https://kwork.ru/projects/3198690,2026-06-16,Сбор базы для B2B-рассылки,Vlad,exchange_or_screenshot,lead_search,"B2B, КП, лиды",30000,30000,30000,1,,low,TAKE,SE_Vlad,med,8,3750,medium,market/2026-06-kwork-orders-ledger.csv,"buyer_orders=23; hire_percent=67; risk=Нужна проверка источников и легальность контактов; action=Собери базу: ICP, поля, источники, правила валидации, 20 тестовых строк, отчет о сомнительных источниках","Прямо совпадает с B2B, базами, критериями, Telegram/email источниками | Прямо совпадает с B2B, базами, критериями, Telegram/email источниками | buyer_orders=23; hire_percent=67; risk=Нужна проверка источников и легальность контактов; action=Собери базу: ICP, поля, источники, правила валидации, 20 тестовых строк, отчет о сомнительных источниках"
69,CODEX,3198531,https://kwork.ru/projects/3198531,2026-06-16,B2B бренд-стратегия и GTM для технологического продукта,Vlad,exchange_or_screenshot,b2b_packaging,"B2B, КП, лиды",200000,200000,200000,1,,low,TAKE_DISCOVERY_ONLY,SE_Vlad,low,30,6667,medium,market/2026-06-kwork-orders-ledger.csv,"buyer_orders=15; hire_percent=13; risk=Покупатель ждет агентство и кейсы; action=Предложить paid discovery: интервью, гипотезы ICP, карта оффера, план GTM","Сильная зона Vlad: B2B, технологические продукты, GTM, упаковка | Сильная зона Vlad: B2B, технологические продукты, GTM, упаковка | buyer_orders=15; hire_percent=13; risk=Покупатель ждет агентство и кейсы; action=Предложить paid discovery: интервью, гипотезы ICP, карта оффера, план GTM"
70,CODEX,codex_row_72,spouse_kwork/assets/kwork_request_screenshots/02_client_search.png,2026-06-15,Поиск 5 клиентов,Vlad,exchange_or_screenshot,lead_search,"B2B, КП, лиды",10000,10000,10000,5,,low,TAKE_TEST,SE_Vlad,high,4,2500,medium,market/2026-06-kwork-orders-ledger.csv,buyer_orders=12; hire_percent=27; risk=Нельзя обещать продажи; action=Собрать 5 клиентов с источником и причиной попадания,Проверка ICP и базы клиентов
71,CODEX,3198105,https://kwork.ru/projects/3198105,2026-06-16,"Рутина интернет-магазина: товары, таблицы, нейросети",Nastya,exchange_or_screenshot,tables_analytics,Excel и таблицы,1500,1500,1500,1,,low,TAKE_ONLY_FAST,IP_Nastya,low,2,750,medium,market/2026-06-kwork-orders-ledger.csv,"buyer_orders=32; hire_percent=56; risk=Очень низкий чек; action=Брать только тестом 1-2 часа, не обещать долгую ручную рутину","Совпадает с аккуратной рутиной, таблицами, карточками | Совпадает с аккуратной рутиной, таблицами, карточками | buyer_orders=32; hire_percent=56; risk=Очень низкий чек; action=Брать только тестом 1-2 часа, не обещать долгую ручную рутину"
72,CODEX,2923776,https://kwork.ru/projects/2923776,2026-06-16,Google Script для отправки писем с вложениями,Vlad,exchange_or_screenshot,tables_analytics,Excel и таблицы,3000,3000,3000,17,,mid,TAKE_FAST,SE_Vlad,low,3,1000,medium,market/2026-06-kwork-orders-ledger.csv,"buyer_orders=89; hire_percent=60; risk=Много предложений, нужен быстрый отклик; action=Дать короткий ответ: проверю структуру файлов, сделаю скрипт, тест, инструкцию","Простая автоматизация, таблицы, файлы, письма | Простая автоматизация, таблицы, файлы, письма | buyer_orders=89; hire_percent=60; risk=Много предложений, нужен быстрый отклик; action=Дать короткий ответ: проверю структуру файлов, сделаю скрипт, тест, инструкцию"
73,CODEX,3195288,https://kwork.ru/projects/3195288,2026-06-16,Синхронизация календаря бронирования WordPress,Vlad,exchange_or_screenshot,wordpress_content_cards,"Web, WordPress, SEO",9000,9000,9000,1,,low,TAKE_IF_PLUGIN,SE_Vlad,med,6,1500,medium,market/2026-06-kwork-orders-ledger.csv,"buyer_orders=4; hire_percent=0; risk=Риск нестандартного плагина/хостинга; action=Попросить сайт, плагин, пример желаемого календаря, доступ staging","WordPress + постановка ТЗ + календарь | WordPress + постановка ТЗ + календарь | buyer_orders=4; hire_percent=0; risk=Риск нестандартного плагина/хостинга; action=Попросить сайт, плагин, пример желаемого календаря, доступ staging"
74,CODEX,3197570,https://kwork.ru/projects/3197570,2026-06-16,WordPress сайт с Supabase и SEO-страницами,Vlad,exchange_or_screenshot,wordpress_content_cards,"Web, WordPress, SEO",30000,30000,30000,1,,low,DANGER,SE_Vlad,high,35,857,medium,market/2026-06-kwork-orders-ledger.csv,"buyer_orders=49; hire_percent=54; risk=Недооценка разработки почти гарантирована; action=Не брать под ключ; предложить аудит, архитектуру и декомпозицию","Технически близко, но объем большой: PHP, Bricks, ACF, Supabase 90k отелей | Технически близко, но объем большой: PHP, Bricks, ACF, Supabase 90k отелей | buyer_orders=49; hire_percent=54; risk=Недооценка разработки почти гарантирована; action=Не брать под ключ; предложить аудит, архитектуру и декомпозицию"
75,CODEX,3197908,https://kwork.ru/projects/3197908,2026-06-16,Публикация карточек товара на досках объявлений,Nastya,exchange_or_screenshot,wordpress_content_cards,"Web, WordPress, SEO",3000,3000,3000,1,,low,TAKE_FAST,IP_Nastya,low,3,1000,medium,market/2026-06-kwork-orders-ledger.csv,"buyer_orders=1002; hire_percent=37; risk=Рутина и возможные правила площадок; action=Брать как тест: 10 карточек, чек-лист полей, отчет о публикациях","Карточки, интернет-магазин, аккуратная публикация | Карточки, интернет-магазин, аккуратная публикация | buyer_orders=1002; hire_percent=37; risk=Рутина и возможные правила площадок; action=Брать как тест: 10 карточек, чек-лист полей, отчет о публикациях"
76,CODEX,3198573,https://kwork.ru/projects/3198573,2026-06-16,Размещение и оформление SEO-статьи на WordPress,Nastya,exchange_or_screenshot,wordpress_content_cards,"Web, WordPress, SEO",6000,6000,6000,1,,low,TAKE,IP_Nastya,low,3,2000,medium,market/2026-06-kwork-orders-ledger.csv,"buyer_orders=383; hire_percent=33; risk=Нужен доступ к WP и пример оформления; action=Попросить доступ, статью, шаблон, SEO-title/description, картинку","Прямое совпадение с контентным кворком | Прямое совпадение с контентным кворком | buyer_orders=383; hire_percent=33; risk=Нужен доступ к WP и пример оформления; action=Попросить доступ, статью, шаблон, SEO-title/description, картинку"
77,CODEX,3198051,https://kwork.ru/projects/3198051,2026-06-16,Восстановить WordPress сайт из вебархива,Vlad,exchange_or_screenshot,wordpress_content_cards,"Web, WordPress, SEO",6000,6000,6000,1,,low,PARITY,SE_Vlad,med,6,1000,medium,market/2026-06-kwork-orders-ledger.csv,buyer_orders=11; hire_percent=33; risk=Полное восстановление дизайна может быть шире; action=Взять только после просмотра вебархива и объема страниц,Можно попробовать как восстановление контента/структуры | Можно попробовать как восстановление контента/структуры | buyer_orders=11; hire_percent=33; risk=Полное восстановление дизайна может быть шире; action=Взять только после просмотра вебархива и объема страниц
78,CODEX,codex_row_74,spouse_kwork/assets/kwork_request_screenshots/05_product_photos_cards.png,2026-06-15,Фото и описания для карточек товаров,Nastya,exchange_or_screenshot,wordpress_content_cards,"Web, WordPress, SEO",6000,6000,6000,6,,mid,TAKE_TEST,IP_Nastya,med,5,1200,medium,market/2026-06-kwork-orders-ledger.csv,"buyer_orders=5; hire_percent=75; risk=Риск чужих фото и инфографики; action=Тест 5-10 товаров, только разрешенные источники фото","Товарные карточки, фото, описания, прайс"
79,CODEX,codex_row_78,spouse_kwork/assets/kwork_request_screenshots/11_wordpress_articles.png,2026-06-15,Разместить 10 готовых статей на WordPress,Nastya,exchange_or_screenshot,wordpress_content_cards,"Web, WordPress, SEO",1000,1000,1000,14,,mid,LOSE_LOW_CHECK,IP_Nastya,high,3,333,medium,market/2026-06-kwork-orders-ledger.csv,buyer_orders=26; hire_percent=43; risk=Слишком низкая ставка и доступ к сайту; action=Брать только при повышении бюджета или пакетом,"Задача понятна, но цена слабая"
