№,приоритет,решение,аккаунт,канал,направление,запрос клиента,бюджет,отклики,конкуренция,часы,грязная ставка руб/час,почему нам подходит,что сделать,что написать клиенту,что показать или собрать,риск,источник,ссылка,долг
31,100,брать сегодня,Влад,аккаунт Влада,"бизнес-клиенты, КП, лиды",Заключить 99 договоров с кадровыми агентствами,6 000 руб.,0,низкая,3,2 000,"Влад силен не в копирайтинге ради текста, а в логике сделки: кому продаем, почему поверят, какой следующий шаг. Сырье: холодный обзвон не наш","Собрать ICP, тестовую базу 20 строк, источник, статус проверки и текст первого касания.","Здравствуйте. Могу взять, но сначала зафиксирую границы, чтобы не продать вам туман. По запросу ""Заключить 99 договоров с кадровыми агентствами"" я бы начал с короткого разбора: Собрать ICP, тестовую базу 20 строк, источник, статус проверки и текст первого касания. На выходе дам проверяемый результат: Демо база 20 строк, структура КП, пример первого сообщения. Для точной оценки пришлите: кому продаем, география, запреты, признаки клиента, нужные контакты.","Демо база 20 строк, структура КП, пример первого сообщения.",низкий,живой слой,https://kwork.ru/projects/3198707,
32,100,брать сегодня,Влад,аккаунт Влада,"бизнес-клиенты, КП, лиды",Поиск заказов (для агентства),30 000-90 000 руб.,0,низкая,8,7 500,"Влад силен не в копирайтинге ради текста, а в логике сделки: кому продаем, почему поверят, какой следующий шаг. Сырье: не наша","Собрать ICP, тестовую базу 20 строк, источник, статус проверки и текст первого касания.","Здравствуйте. Могу взять, но сначала зафиксирую границы, чтобы не продать вам туман. По запросу ""Поиск заказов (для агентства)"" я бы начал с короткого разбора: Собрать ICP, тестовую базу 20 строк, источник, статус проверки и текст первого касания. На выходе дам проверяемый результат: Демо база 20 строк, структура КП, пример первого сообщения. Для точной оценки пришлите: кому продаем, география, запреты, признаки клиента, нужные контакты.","Демо база 20 строк, структура КП, пример первого сообщения.",низкий,живой слой,https://kwork.ru/projects/3192226,
42,100,брать сегодня,Влад,аккаунт Влада,"Python, парсинг, данные",Редактирование сценария oktell,3 000-9 000 руб.,0,низкая,8,750,"Хорошая зона Влада, если есть четкий источник, формат результата и допустимость сбора. Сырье: телефония-скрипт ноль откликов","Начинать с MVP одного источника: CSV, лог ошибок, ограничения, затем масштабирование.","Здравствуйте. Могу взять, но сначала зафиксирую границы, чтобы не продать вам туман. По запросу ""Редактирование сценария oktell"" я бы начал с короткого разбора: Начинать с MVP одного источника: CSV, лог ошибок, ограничения, затем масштабирование. На выходе дам проверяемый результат: Мини-парсер, CSV до/после, лог ошибок, README как запускать. Для точной оценки пришлите: источник, пример страницы, поля, частота, формат выгрузки, ограничения.","Мини-парсер, CSV до/после, лог ошибок, README как запускать.",низкий,живой слой,https://kwork.ru/projects/3198797,
28,100,брать сегодня,Влад,аккаунт Влада,"бизнес-клиенты, КП, лиды",Поиск каналов продаж для агентства недвижимости,25 000-75 000 руб.,1,низкая,8,6 250,"Влад силен не в копирайтинге ради текста, а в логике сделки: кому продаем, почему поверят, какой следующий шаг. Сырье: GTM-консалтинг мало откликов","Собрать ICP, тестовую базу 20 строк, источник, статус проверки и текст первого касания.","Здравствуйте. Могу взять, но сначала зафиксирую границы, чтобы не продать вам туман. По запросу ""Поиск каналов продаж для агентства недвижимости"" я бы начал с короткого разбора: Собрать ICP, тестовую базу 20 строк, источник, статус проверки и текст первого касания. На выходе дам проверяемый результат: Демо база 20 строк, структура КП, пример первого сообщения. Для точной оценки пришлите: кому продаем, география, запреты, признаки клиента, нужные контакты.","Демо база 20 строк, структура КП, пример первого сообщения.",низкий,живой слой,https://kwork.ru/projects/3198732,
29,100,брать сегодня,Влад,аккаунт Влада,"бизнес-клиенты, КП, лиды",Поиск B2B клиентов для маркетингового агентства,200 000 руб.,2,низкая,8,25 000,"Влад силен не в копирайтинге ради текста, а в логике сделки: кому продаем, почему поверят, какой следующий шаг. Сырье: B2B продажи мало откликов","Собрать ICP, тестовую базу 20 строк, источник, статус проверки и текст первого касания.","Здравствуйте. Могу взять, но сначала зафиксирую границы, чтобы не продать вам туман. По запросу ""Поиск B2B клиентов для маркетингового агентства"" я бы начал с короткого разбора: Собрать ICP, тестовую базу 20 строк, источник, статус проверки и текст первого касания. На выходе дам проверяемый результат: Демо база 20 строк, структура КП, пример первого сообщения. Для точной оценки пришлите: кому продаем, география, запреты, признаки клиента, нужные контакты.","Демо база 20 строк, структура КП, пример первого сообщения.",низкий,живой слой,https://kwork.ru/projects/3197922,
43,100,брать сегодня,Влад,аккаунт Влада,"сайт, WordPress, SEO",Требуется вёрстка нескольких страниц (Figma→HTML),20 000-60 000 руб.,3,низкая,6,6 667,"Не конкурировать с разработчиками по всему сайту. Брать размещение, структуру, карточки, SEO-поля и мелкие правки. Сырье: вёрстка мало откликов","Попросить доступ, пример готовой страницы, текст, изображения, SEO-title, description.","Здравствуйте. Могу взять, но сначала зафиксирую границы, чтобы не продать вам туман. По запросу ""Требуется вёрстка нескольких страниц (Figma→HTML)"" я бы начал с короткого разбора: Попросить доступ, пример готовой страницы, текст, изображения, SEO-title, description. На выходе дам проверяемый результат: Демо пост WordPress: заголовки, картинка, CTA, SEO-поля, чек-лист публикации. Для точной оценки пришлите: доступ, пример страницы, текст, картинки, SEO-поля, запреты.","Демо пост WordPress: заголовки, картинка, CTA, SEO-поля, чек-лист публикации.",низкий,живой слой,https://kwork.ru/projects/3186308,
9,100,брать сегодня,Настя + Влад,"аккаунт Насти, Влад помогает с техникой","1С, учет, ОСВ, акты",1С Автосервис - доработка,7 000-21 000 руб.,4,низкая,5,2 800,"Есть сильный бытовой и рабочий контекст: 1С, ОСВ, акты сверки, дебиторка, кредиторка, УПД, счета, налоги. Сырье: живой 16.06 - мало откликов хороший вход","Попросить выгрузку, период, счет, контрагента, версию 1С и проблему словами. Делать таблицу расхождений, не гадать по скриншоту.","Здравствуйте. Могу разобрать задачу спокойно и по документам, без вида что все понятно по одному скрину. По запросу ""1С Автосервис - доработка"" я бы начал с короткого разбора: Попросить выгрузку, период, счет, контрагента, версию 1С и проблему словами. Делать таблицу расхождений, не гадать по скриншоту. На выходе дам проверяемый результат: Обезличенная ОСВ 62, акт сверки, таблица кто кому сколько и по каким документам. Для точной оценки пришлите: выгрузка, период, счет, контрагент, версия 1С, что именно не сходится.","Обезличенная ОСВ 62, акт сверки, таблица кто кому сколько и по каким документам.",низкий,живой слой,https://kwork.ru/projects/3198791,
10,100,брать сегодня,Настя + Влад,"аккаунт Насти, Влад помогает с техникой","1С, учет, ОСВ, акты",Восстановление бух учета СБИС/Сабy,2 000 руб.,5,низкая,5,400,"Есть сильный бытовой и рабочий контекст: 1С, ОСВ, акты сверки, дебиторка, кредиторка, УПД, счета, налоги. Сырье: редкий чистый бух-заказ","Попросить выгрузку, период, счет, контрагента, версию 1С и проблему словами. Делать таблицу расхождений, не гадать по скриншоту.","Здравствуйте. Могу разобрать задачу спокойно и по документам, без вида что все понятно по одному скрину. По запросу ""Восстановление бух учета СБИС/Сабy"" я бы начал с короткого разбора: Попросить выгрузку, период, счет, контрагента, версию 1С и проблему словами. Делать таблицу расхождений, не гадать по скриншоту. На выходе дам проверяемый результат: Обезличенная ОСВ 62, акт сверки, таблица кто кому сколько и по каким документам. Для точной оценки пришлите: выгрузка, период, счет, контрагент, версия 1С, что именно не сходится.","Обезличенная ОСВ 62, акт сверки, таблица кто кому сколько и по каким документам.",низкий,живой слой,https://kwork.ru/projects/3198286,
20,100,брать сегодня,Влад,аккаунт Влада,"ИИ, боты, CRM",Поддержка и развитие портала Битрикс24,25 000-75 000 руб.,5,низкая,10,5 000,"Брать только как управляемый процесс: аудит, схема, один сценарий, тесты, затем оценка. Сырье: поддержка CRM мало откликов","Не обещать волшебного бота. Сначала карта процесса, входы, CRM, статусы, прототип одного сценария.","Здравствуйте. Могу взять, но сначала зафиксирую границы, чтобы не продать вам туман. По запросу ""Поддержка и развитие портала Битрикс24"" я бы начал с короткого разбора: Не обещать волшебного бота. Сначала карта процесса, входы, CRM, статусы, прототип одного сценария. На выходе дам проверяемый результат: Схема процесса, тестовый сценарий, таблица проверок, короткий Codex-промпт. Для точной оценки пришлите: каналы заявок, CRM, 5-10 примеров, желаемый статус, ограничения доступов.","Схема процесса, тестовый сценарий, таблица проверок, короткий Codex-промпт.",низкий,живой слой,https://kwork.ru/projects/3198782,
30,100,брать сегодня,Влад,аккаунт Влада,"бизнес-клиенты, КП, лиды",Плачу % за привлечение селлеров WB/Ozon,200 000 руб.,5,низкая,8,25 000,"Влад силен не в копирайтинге ради текста, а в логике сделки: кому продаем, почему поверят, какой следующий шаг. Сырье: партнёрка не наша","Собрать ICP, тестовую базу 20 строк, источник, статус проверки и текст первого касания.","Здравствуйте. Могу взять, но сначала зафиксирую границы, чтобы не продать вам туман. По запросу ""Плачу % за привлечение селлеров WB/Ozon"" я бы начал с короткого разбора: Собрать ICP, тестовую базу 20 строк, источник, статус проверки и текст первого касания. На выходе дам проверяемый результат: Демо база 20 строк, структура КП, пример первого сообщения. Для точной оценки пришлите: кому продаем, география, запреты, признаки клиента, нужные контакты.","Демо база 20 строк, структура КП, пример первого сообщения.",низкий,живой слой,https://kwork.ru/projects/3197613,
13,100,брать,Влад,аккаунт Влада,Маркетинговая аналитика,Автоматизация отчётов и анализа рекламных кабинетов VK,30 000-90 000 руб.,19,средняя,6,10 000,"Брать, если нужна таблица решений: unit-экономика, воронка, конкуренты, сегменты, выводы. Сырье: автоматизация отчётности","Уточнить метрики, период, источники данных и решение, которое надо принять после анализа.","Здравствуйте. Могу взять, но сначала зафиксирую границы, чтобы не продать вам туман. По запросу ""Автоматизация отчётов и анализа рекламных кабинетов VK"" я бы начал с короткого разбора: Уточнить метрики, период, источники данных и решение, которое надо принять после анализа. На выходе дам проверяемый результат: Таблица unit-экономики, выводы, что менять первым, что проверить. Для точной оценки пришлите: данные продаж, расходы, каналы, период, цель анализа.","Таблица unit-экономики, выводы, что менять первым, что проверить.",низкий,живой слой,https://kwork.ru/projects/3198694,
68,98,брать,Влад,аккаунт Влада,"бизнес-клиенты, КП, лиды",Сбор базы для B2B-рассылки,30 000 руб.,1,низкая,8,3 750,"Влад силен не в копирайтинге ради текста, а в логике сделки: кому продаем, почему поверят, какой следующий шаг. Сырье: Прямо совпадает с B2B, базами, критериями, Telegram/email источниками | Прямо совпадает с B2B, базами, критериями, Telegram/email источниками | buyer_orders=23; hire_percent=67; risk=Нужна проверка источников и легальность контактов; action=Собери базу: ICP, поля, источники, правила валидации, 20 тестовых строк, отчет о сомнительных источниках","Собрать ICP, тестовую базу 20 строк, источник, статус проверки и текст первого касания.","Здравствуйте. Могу взять, но сначала зафиксирую границы, чтобы не продать вам туман. По запросу ""Сбор базы для B2B-рассылки"" я бы начал с короткого разбора: Собрать ICP, тестовую базу 20 строк, источник, статус проверки и текст первого касания. На выходе дам проверяемый результат: Демо база 20 строк, структура КП, пример первого сообщения. Для точной оценки пришлите: кому продаем, география, запреты, признаки клиента, нужные контакты.","Демо база 20 строк, структура КП, пример первого сообщения.",средний,старый реестр,https://kwork.ru/projects/3198690,ПРОВЕРИТЬ свежесть и источник
14,98,брать,Влад,аккаунт Влада,Маркетинговая аналитика,Анализ Google Ads (хостелы/отели),10 000-30 000 руб.,20,средняя,6,3 333,"Брать, если нужна таблица решений: unit-экономика, воронка, конкуренты, сегменты, выводы. Сырье: маркетинг-аналитика","Уточнить метрики, период, источники данных и решение, которое надо принять после анализа.","Здравствуйте. Могу взять, но сначала зафиксирую границы, чтобы не продать вам туман. По запросу ""Анализ Google Ads (хостелы/отели)"" я бы начал с короткого разбора: Уточнить метрики, период, источники данных и решение, которое надо принять после анализа. На выходе дам проверяемый результат: Таблица unit-экономики, выводы, что менять первым, что проверить. Для точной оценки пришлите: данные продаж, расходы, каналы, период, цель анализа.","Таблица unit-экономики, выводы, что менять первым, что проверить.",низкий,живой слой,https://kwork.ru/projects/3197747,
65,96,только платный разбор,Влад,аккаунт Влада,"ИИ, боты, CRM",AI-агент для обработки входящих заявок,200 000 руб.,1,низкая,35,5 714,"Брать только как управляемый процесс: аудит, схема, один сценарий, тесты, затем оценка. Сырье: Стратегически профиль Vlad: заявки, Telegram, WhatsApp, CRM, AI | Стратегически профиль Vlad: заявки, Telegram, WhatsApp, CRM, AI | buyer_orders=1; hire_percent=0; risk=Высокий чек, новый покупатель, нужен контракт и фазы; action=Ответить только на paid discovery: схема потоков, роли, риски, прототип одного канала","Предлагать только первый этап: платный разбор, схема, вопросы, оценка. Не обещать волшебного бота. Сначала карта процесса, входы, CRM, статусы, прототип одного сценария.","Здравствуйте. Могу взять, но сначала зафиксирую границы, чтобы не продать вам туман. По запросу ""AI-агент для обработки входящих заявок"" я бы начал с короткого разбора: Не обещать волшебного бота. Сначала карта процесса, входы, CRM, статусы, прототип одного сценария. На выходе дам проверяемый результат: Схема процесса, тестовый сценарий, таблица проверок, короткий Codex-промпт. Для точной оценки пришлите: каналы заявок, CRM, 5-10 примеров, желаемый статус, ограничения доступов.","Схема процесса, тестовый сценарий, таблица проверок, короткий Codex-промпт.",высокий,старый реестр,https://kwork.ru/projects/3198001,ПРОВЕРИТЬ свежесть и источник
69,96,только платный разбор,Влад,аккаунт Влада,"бизнес-клиенты, КП, лиды",B2B бренд-стратегия и GTM для технологического продукта,200 000 руб.,1,низкая,30,6 667,"Влад силен не в копирайтинге ради текста, а в логике сделки: кому продаем, почему поверят, какой следующий шаг. Сырье: Сильная зона Vlad: B2B, технологические продукты, GTM, упаковка | Сильная зона Vlad: B2B, технологические продукты, GTM, упаковка | buyer_orders=15; hire_percent=13; risk=Покупатель ждет агентство и кейсы; action=Предложить paid discovery: интервью, гипотезы ICP, карта оффера, план GTM","Предлагать только первый этап: платный разбор, схема, вопросы, оценка. Собрать ICP, тестовую базу 20 строк, источник, статус проверки и текст первого касания.","Здравствуйте. Могу взять, но сначала зафиксирую границы, чтобы не продать вам туман. По запросу ""B2B бренд-стратегия и GTM для технологического продукта"" я бы начал с короткого разбора: Собрать ICP, тестовую базу 20 строк, источник, статус проверки и текст первого касания. На выходе дам проверяемый результат: Демо база 20 строк, структура КП, пример первого сообщения. Для точной оценки пришлите: кому продаем, география, запреты, признаки клиента, нужные контакты.","Демо база 20 строк, структура КП, пример первого сообщения.",низкий,старый реестр,https://kwork.ru/projects/3198531,ПРОВЕРИТЬ свежесть и источник
21,96,только платный разбор,Влад,аккаунт Влада,"ИИ, боты, CRM",Настройка Битрикс24 Облако для стоматологии,40 000-120 000 руб.,17,средняя,24,3 333,"Брать только как управляемый процесс: аудит, схема, один сценарий, тесты, затем оценка. Сырье: CRM-настройка","Предлагать только первый этап: платный разбор, схема, вопросы, оценка. Не обещать волшебного бота. Сначала карта процесса, входы, CRM, статусы, прототип одного сценария.","Здравствуйте. Могу взять, но сначала зафиксирую границы, чтобы не продать вам туман. По запросу ""Настройка Битрикс24 Облако для стоматологии"" я бы начал с короткого разбора: Не обещать волшебного бота. Сначала карта процесса, входы, CRM, статусы, прототип одного сценария. На выходе дам проверяемый результат: Схема процесса, тестовый сценарий, таблица проверок, короткий Codex-промпт. Для точной оценки пришлите: каналы заявок, CRM, 5-10 примеров, желаемый статус, ограничения доступов.","Схема процесса, тестовый сценарий, таблица проверок, короткий Codex-промпт.",средний,живой слой,https://kwork.ru/projects/3198141,
53,90,брать,Настя,аккаунт Насти,"Документы, договоры, заявки",Поиск тендеров и подготовка заявки,3 000 руб.,0,низкая,3,1 000,"Сильная зона Насти: договоры поставки, ИТ-договоры, протоколы разногласий, трехсторонние договоры, УФАС, МСП, АНО. Сырье: Скрин подтверждает спрос на заявки и ЭЦП-границы","Разобрать документы в таблицу: пункт, риск, что просим заменить, почему, что спросить до подписи.","Здравствуйте. Могу разобрать задачу спокойно и по документам, без вида что все понятно по одному скрину. По запросу ""Поиск тендеров и подготовка заявки"" я бы начал с короткого разбора: Разобрать документы в таблицу: пункт, риск, что просим заменить, почему, что спросить до подписи. На выходе дам проверяемый результат: Протокол разногласий и таблица рисков по обезличенному договору. Для точной оценки пришлите: договор, приложения, счет, акт, цель правки, красные пункты.",Протокол разногласий и таблица рисков по обезличенному договору.,высокий,старый реестр,spouse_kwork/assets/kwork_request_screenshots/01_tender_search_application.png,ПРОВЕРИТЬ свежесть и источник
48,90,брать,Настя,аккаунт Насти,"Документы, договоры, заявки",Заявка на сертификаты соответствия для мебели,9 000 руб.,1,низкая,6,1 500,"Сильная зона Насти: договоры поставки, ИТ-договоры, протоколы разногласий, трехсторонние договоры, УФАС, МСП, АНО. Сырье: Сертификация, документы, перечни, группы товаров | Сертификация, документы, перечни, группы товаров | buyer_orders=85; hire_percent=80; risk=Не обещать выдачу сертификата; action=Разобрать комплект, таблицу позиций, вопросы к органу сертификации, чек-лист недостающего","Разобрать документы в таблицу: пункт, риск, что просим заменить, почему, что спросить до подписи.","Здравствуйте. Могу разобрать задачу спокойно и по документам, без вида что все понятно по одному скрину. По запросу ""Заявка на сертификаты соответствия для мебели"" я бы начал с короткого разбора: Разобрать документы в таблицу: пункт, риск, что просим заменить, почему, что спросить до подписи. На выходе дам проверяемый результат: Протокол разногласий и таблица рисков по обезличенному договору. Для точной оценки пришлите: договор, приложения, счет, акт, цель правки, красные пункты.",Протокол разногласий и таблица рисков по обезличенному договору.,низкий,старый реестр,https://kwork.ru/projects/3195315,ПРОВЕРИТЬ свежесть и источник
50,90,брать,Настя,аккаунт Насти,"Документы, договоры, заявки",Поиск тендеров и подготовка заявки,9 000 руб.,1,низкая,5,1 800,"Сильная зона Насти: договоры поставки, ИТ-договоры, протоколы разногласий, трехсторонние договоры, УФАС, МСП, АНО. Сырье: Совпадает со скрином: тендеры, ЭЦП не дается, удаленный доступ | Совпадает со скрином: тендеры, ЭЦП не дается, удаленный доступ | buyer_orders=4; hire_percent=100; risk=Риск ЭЦП и чужих кабинетов; action=Зафиксировать: без ЭЦП, только поиск, чек-лист, документы, текст заявки","Разобрать документы в таблицу: пункт, риск, что просим заменить, почему, что спросить до подписи.","Здравствуйте. Могу разобрать задачу спокойно и по документам, без вида что все понятно по одному скрину. По запросу ""Поиск тендеров и подготовка заявки"" я бы начал с короткого разбора: Разобрать документы в таблицу: пункт, риск, что просим заменить, почему, что спросить до подписи. На выходе дам проверяемый результат: Протокол разногласий и таблица рисков по обезличенному договору. Для точной оценки пришлите: договор, приложения, счет, акт, цель правки, красные пункты.",Протокол разногласий и таблица рисков по обезличенному договору.,средний,старый реестр,https://kwork.ru/projects/3198106,ПРОВЕРИТЬ свежесть и источник
66,90,брать,Влад,аккаунт Влада,"ИИ, боты, CRM",Заявки с сайта и квиза в amoCRM,15 000 руб.,1,низкая,8,1 875,"Брать только как управляемый процесс: аудит, схема, один сценарий, тесты, затем оценка. Сырье: WordPress формы, квиз, amoCRM, лид-логика | WordPress формы, квиз, amoCRM, лид-логика | buyer_orders=7; hire_percent=60; risk=Может быть скрытая серверная часть; action=Сделать аудит форм, карту полей amoCRM, тестовую заявку, чек-лист исправлений","Не обещать волшебного бота. Сначала карта процесса, входы, CRM, статусы, прототип одного сценария.","Здравствуйте. Могу взять, но сначала зафиксирую границы, чтобы не продать вам туман. По запросу ""Заявки с сайта и квиза в amoCRM"" я бы начал с короткого разбора: Не обещать волшебного бота. Сначала карта процесса, входы, CRM, статусы, прототип одного сценария. На выходе дам проверяемый результат: Схема процесса, тестовый сценарий, таблица проверок, короткий Codex-промпт. Для точной оценки пришлите: каналы заявок, CRM, 5-10 примеров, желаемый статус, ограничения доступов.","Схема процесса, тестовый сценарий, таблица проверок, короткий Codex-промпт.",низкий,старый реестр,https://kwork.ru/projects/3197649,ПРОВЕРИТЬ свежесть и источник
67,90,брать,Влад,аккаунт Влада,"ИИ, боты, CRM",Доработка карточки клиента в amoCRM,7 500 руб.,1,низкая,4,1 875,"Брать только как управляемый процесс: аудит, схема, один сценарий, тесты, затем оценка. Сырье: Малый CRM-функционал, быстрый результат | Малый CRM-функционал, быстрый результат | buyer_orders=4; hire_percent=100; risk=Нужен доступ и понимание телефонии; action=Проверить текущую карточку, описать меню Telegram/WhatsApp/Max и отдать схему внедрения","Не обещать волшебного бота. Сначала карта процесса, входы, CRM, статусы, прототип одного сценария.","Здравствуйте. Могу взять, но сначала зафиксирую границы, чтобы не продать вам туман. По запросу ""Доработка карточки клиента в amoCRM"" я бы начал с короткого разбора: Не обещать волшебного бота. Сначала карта процесса, входы, CRM, статусы, прототип одного сценария. На выходе дам проверяемый результат: Схема процесса, тестовый сценарий, таблица проверок, короткий Codex-промпт. Для точной оценки пришлите: каналы заявок, CRM, 5-10 примеров, желаемый статус, ограничения доступов.","Схема процесса, тестовый сценарий, таблица проверок, короткий Codex-промпт.",низкий,старый реестр,https://kwork.ru/projects/3198598,ПРОВЕРИТЬ свежесть и источник
76,90,брать,Настя,аккаунт Насти,"сайт, WordPress, SEO",Размещение и оформление SEO-статьи на WordPress,6 000 руб.,1,низкая,3,2 000,"Не конкурировать с разработчиками по всему сайту. Брать размещение, структуру, карточки, SEO-поля и мелкие правки. Сырье: Прямое совпадение с контентным кворком | Прямое совпадение с контентным кворком | buyer_orders=383; hire_percent=33; risk=Нужен доступ к WP и пример оформления; action=Попросить доступ, статью, шаблон, SEO-title/description, картинку","Попросить доступ, пример готовой страницы, текст, изображения, SEO-title, description.","Здравствуйте. Могу разобрать задачу спокойно и по документам, без вида что все понятно по одному скрину. По запросу ""Размещение и оформление SEO-статьи на WordPress"" я бы начал с короткого разбора: Попросить доступ, пример готовой страницы, текст, изображения, SEO-title, description. На выходе дам проверяемый результат: Демо пост WordPress: заголовки, картинка, CTA, SEO-поля, чек-лист публикации. Для точной оценки пришлите: доступ, пример страницы, текст, картинки, SEO-поля, запреты.","Демо пост WordPress: заголовки, картинка, CTA, SEO-поля, чек-лист публикации.",низкий,старый реестр,https://kwork.ru/projects/3198573,ПРОВЕРИТЬ свежесть и источник
51,90,брать,Настя,аккаунт Насти,"Документы, договоры, заявки",Помощь в оформлении заявки на сертификат соответствия,3 000 руб.,2,низкая,3,1 000,"Сильная зона Насти: договоры поставки, ИТ-договоры, протоколы разногласий, трехсторонние договоры, УФАС, МСП, АНО. Сырье: Документы, спецификация, перечень изделий","Разобрать документы в таблицу: пункт, риск, что просим заменить, почему, что спросить до подписи.","Здравствуйте. Могу разобрать задачу спокойно и по документам, без вида что все понятно по одному скрину. По запросу ""Помощь в оформлении заявки на сертификат соответствия"" я бы начал с короткого разбора: Разобрать документы в таблицу: пункт, риск, что просим заменить, почему, что спросить до подписи. На выходе дам проверяемый результат: Протокол разногласий и таблица рисков по обезличенному договору. Для точной оценки пришлите: договор, приложения, счет, акт, цель правки, красные пункты.",Протокол разногласий и таблица рисков по обезличенному договору.,низкий,старый реестр,spouse_kwork/assets/kwork_request_screenshots/04_certificate_application.png,ПРОВЕРИТЬ свежесть и источник
4,90,"брать, если есть формулы, сверка или автоматизация",Настя + Влад,"аккаунт Насти, Влад помогает с техникой",Excel и таблицы,Собрать базу организаций для обзвона,1 500-4 500 руб.,10,средняя,4,750,"Брать не ручной ввод, а таблицы со смыслом: формулы, сводные, склейка файлов, контроль статусов, CRM, 1С, макросы или веб-хук. Сырье: парсинг+таблица | Простой тест на сбор базы и фильтры | buyer_orders=45; hire_percent=57; risk=Низкий чек, нужен быстрый шаблон; action=Собери 50 организаций с источником, сайтом, контактом, причиной попадания и статусом","Попросить файл до, пример результата и правило расчета. Начинать с одного листа или 20 строк.","Здравствуйте. Могу разобрать задачу спокойно и по документам, без вида что все понятно по одному скрину. По запросу ""Собрать базу организаций для обзвона"" я бы начал с короткого разбора: Попросить файл до, пример результата и правило расчета. Начинать с одного листа или 20 строк. На выходе дам проверяемый результат: Демо таблица: исходник, формулы, сводная, проверка ошибок, лист с инструкцией. Для точной оценки пришлите: исходные файлы, пример результата, правила расчета, частота обновления.","Демо таблица: исходник, формулы, сводная, проверка ошибок, лист с инструкцией.",низкий,живой слой + старый реестр,https://kwork.ru/projects/3198558,
1,90,брать,Настя + Влад,"аккаунт Насти, Влад помогает с техникой","1С, учет, ОСВ, акты",Руководство как в 1С УНФ сделать контракты,2 000 руб.,11,средняя,5,400,"Есть сильный бытовой и рабочий контекст: 1С, ОСВ, акты сверки, дебиторка, кредиторка, УПД, счета, налоги. Сырье: высокий просмотр документная задача | Настин 1С/договорный контекст | buyer_orders=382; hire_percent=90; risk=Нужна точная версия 1С УНФ; action=Попросить версию 1С, скрины, цель инструкции, сделать пошаговый документ","Попросить выгрузку, период, счет, контрагента, версию 1С и проблему словами. Делать таблицу расхождений, не гадать по скриншоту.","Здравствуйте. Могу разобрать задачу спокойно и по документам, без вида что все понятно по одному скрину. По запросу ""Руководство как в 1С УНФ сделать контракты"" я бы начал с короткого разбора: Попросить выгрузку, период, счет, контрагента, версию 1С и проблему словами. Делать таблицу расхождений, не гадать по скриншоту. На выходе дам проверяемый результат: Обезличенная ОСВ 62, акт сверки, таблица кто кому сколько и по каким документам. Для точной оценки пришлите: выгрузка, период, счет, контрагент, версия 1С, что именно не сходится.","Обезличенная ОСВ 62, акт сверки, таблица кто кому сколько и по каким документам.",средний,живой слой + старый реестр,https://kwork.ru/projects/3198119,
36,90,брать,Влад,аккаунт Влада,"Python, парсинг, данные",Написать ядро сборщика из карточек товара (парсер),10 000 руб.,11,средняя,8,1 250,"Хорошая зона Влада, если есть четкий источник, формат результата и допустимость сбора. Сырье: парсинг МП - зона Влада","Начинать с MVP одного источника: CSV, лог ошибок, ограничения, затем масштабирование.","Здравствуйте. Могу взять, но сначала зафиксирую границы, чтобы не продать вам туман. По запросу ""Написать ядро сборщика из карточек товара (парсер)"" я бы начал с короткого разбора: Начинать с MVP одного источника: CSV, лог ошибок, ограничения, затем масштабирование. На выходе дам проверяемый результат: Мини-парсер, CSV до/после, лог ошибок, README как запускать. Для точной оценки пришлите: источник, пример страницы, поля, частота, формат выгрузки, ограничения.","Мини-парсер, CSV до/после, лог ошибок, README как запускать.",низкий,живой слой,https://kwork.ru/projects/3198710,
33,90,"брать, если есть формулы, сверка или автоматизация",Настя + Влад,"аккаунт Насти, Влад помогает с техникой",Excel и таблицы,Сделать отчёт по посещаемости,1 000-3 000 руб.,13,средняя,4,500,"Брать не ручной ввод, а таблицы со смыслом: формулы, сводные, склейка файлов, контроль статусов, CRM, 1С, макросы или веб-хук. Сырье: таблица-отчёт","Попросить файл до, пример результата и правило расчета. Начинать с одного листа или 20 строк.","Здравствуйте. Могу разобрать задачу спокойно и по документам, без вида что все понятно по одному скрину. По запросу ""Сделать отчёт по посещаемости"" я бы начал с короткого разбора: Попросить файл до, пример результата и правило расчета. Начинать с одного листа или 20 строк. На выходе дам проверяемый результат: Демо таблица: исходник, формулы, сводная, проверка ошибок, лист с инструкцией. Для точной оценки пришлите: исходные файлы, пример результата, правила расчета, частота обновления.","Демо таблица: исходник, формулы, сводная, проверка ошибок, лист с инструкцией.",низкий,живой слой,https://kwork.ru/projects/3198339,
37,90,брать,Влад,аккаунт Влада,"Python, парсинг, данные",Нужна выгрузка компаний по г. Москва,1 000-3 000 руб.,13,средняя,8,250,"Хорошая зона Влада, если есть четкий источник, формат результата и допустимость сбора. Сырье: парсинг+выгрузка","Начинать с MVP одного источника: CSV, лог ошибок, ограничения, затем масштабирование.","Здравствуйте. Могу взять, но сначала зафиксирую границы, чтобы не продать вам туман. По запросу ""Нужна выгрузка компаний по г. Москва"" я бы начал с короткого разбора: Начинать с MVP одного источника: CSV, лог ошибок, ограничения, затем масштабирование. На выходе дам проверяемый результат: Мини-парсер, CSV до/после, лог ошибок, README как запускать. Для точной оценки пришлите: источник, пример страницы, поля, частота, формат выгрузки, ограничения.","Мини-парсер, CSV до/после, лог ошибок, README как запускать.",низкий,живой слой,https://kwork.ru/projects/3198621,
5,90,брать,Влад,аккаунт Влада,"Python, парсинг, данные",Разработка асинхронного Python парсера для AmoCRM,7 000-21 000 руб.,15,средняя,8,1 750,"Хорошая зона Влада, если есть четкий источник, формат результата и допустимость сбора. Сырье: идеальная зона Влада | Python парсер + amoCRM + лидогенерация, сильная связка для Vlad | buyer_orders=25; hire_percent=41; risk=Риск недооценки real-time и отказоустойчивости; action=Сначала аудит ТЗ, затем MVP-парсер 1 источника, лог ошибок, схема интеграции amoCRM","Начинать с MVP одного источника: CSV, лог ошибок, ограничения, затем масштабирование.","Здравствуйте. Могу взять, но сначала зафиксирую границы, чтобы не продать вам туман. По запросу ""Разработка асинхронного Python парсера для AmoCRM"" я бы начал с короткого разбора: Начинать с MVP одного источника: CSV, лог ошибок, ограничения, затем масштабирование. На выходе дам проверяемый результат: Мини-парсер, CSV до/после, лог ошибок, README как запускать. Для точной оценки пришлите: источник, пример страницы, поля, частота, формат выгрузки, ограничения.","Мини-парсер, CSV до/после, лог ошибок, README как запускать.",средний,живой слой + старый реестр,https://kwork.ru/projects/3198468,
11,90,брать,Настя + Влад,"аккаунт Насти, Влад помогает с техникой","1С, учет, ОСВ, акты",Удаленный Бухгалтер,4 000-12 000 руб.,15,средняя,5,1 600,"Есть сильный бытовой и рабочий контекст: 1С, ОСВ, акты сверки, дебиторка, кредиторка, УПД, счета, налоги. Сырье: единственный активный по «бухгалтер»","Попросить выгрузку, период, счет, контрагента, версию 1С и проблему словами. Делать таблицу расхождений, не гадать по скриншоту.","Здравствуйте. Могу разобрать задачу спокойно и по документам, без вида что все понятно по одному скрину. По запросу ""Удаленный Бухгалтер"" я бы начал с короткого разбора: Попросить выгрузку, период, счет, контрагента, версию 1С и проблему словами. Делать таблицу расхождений, не гадать по скриншоту. На выходе дам проверяемый результат: Обезличенная ОСВ 62, акт сверки, таблица кто кому сколько и по каким документам. Для точной оценки пришлите: выгрузка, период, счет, контрагент, версия 1С, что именно не сходится.","Обезличенная ОСВ 62, акт сверки, таблица кто кому сколько и по каким документам.",низкий,живой слой,https://kwork.ru/projects/3198627,
38,90,брать,Влад,аккаунт Влада,"Python, парсинг, данные",Сбор/парсинг Telegram-каналов: бьюти,500 руб.,18,средняя,8,63,"Хорошая зона Влада, если есть четкий источник, формат результата и допустимость сбора. Сырье: дешёвый парсинг","Начинать с MVP одного источника: CSV, лог ошибок, ограничения, затем масштабирование.","Здравствуйте. Могу взять, но сначала зафиксирую границы, чтобы не продать вам туман. По запросу ""Сбор/парсинг Telegram-каналов: бьюти"" я бы начал с короткого разбора: Начинать с MVP одного источника: CSV, лог ошибок, ограничения, затем масштабирование. На выходе дам проверяемый результат: Мини-парсер, CSV до/после, лог ошибок, README как запускать. Для точной оценки пришлите: источник, пример страницы, поля, частота, формат выгрузки, ограничения.","Мини-парсер, CSV до/после, лог ошибок, README как запускать.",низкий,живой слой,https://kwork.ru/projects/3198019,
3,90,брать,Влад,аккаунт Влада,"бизнес-клиенты, КП, лиды",Разработка шаблона оформления кейсов компании,4 000-12 000 руб.,19,средняя,3,2 667,"Влад силен не в копирайтинге ради текста, а в логике сделки: кому продаем, почему поверят, какой следующий шаг. Сырье: упаковка кейсов - зона Влада | Сильное совпадение с упаковкой кейсов и B2B смыслом | buyer_orders=11; hire_percent=50; risk=Нужны бренд-материалы; action=Собрать структуру кейса: проблема, контекст, решение, цифры, доказательства, CTA","Собрать ICP, тестовую базу 20 строк, источник, статус проверки и текст первого касания.","Здравствуйте. Могу взять, но сначала зафиксирую границы, чтобы не продать вам туман. По запросу ""Разработка шаблона оформления кейсов компании"" я бы начал с короткого разбора: Собрать ICP, тестовую базу 20 строк, источник, статус проверки и текст первого касания. На выходе дам проверяемый результат: Демо база 20 строк, структура КП, пример первого сообщения. Для точной оценки пришлите: кому продаем, география, запреты, признаки клиента, нужные контакты.","Демо база 20 строк, структура КП, пример первого сообщения.",средний,живой слой + старый реестр,https://kwork.ru/projects/3198248,
12,90,брать с границами,Настя + Влад,"аккаунт Насти, Влад помогает с техникой","1С, учет, ОСВ, акты",Программа учета для магазина автозапчастей на 1с,60 000-180 000 руб.,27,высокая,18,6 667,"Есть сильный бытовой и рабочий контекст: 1С, ОСВ, акты сверки, дебиторка, кредиторка, УПД, счета, налоги. Сырье: крупный бюджет 1С-разработка","Попросить выгрузку, период, счет, контрагента, версию 1С и проблему словами. Делать таблицу расхождений, не гадать по скриншоту.","Здравствуйте. Могу разобрать задачу спокойно и по документам, без вида что все понятно по одному скрину. По запросу ""Программа учета для магазина автозапчастей на 1с"" я бы начал с короткого разбора: Попросить выгрузку, период, счет, контрагента, версию 1С и проблему словами. Делать таблицу расхождений, не гадать по скриншоту. На выходе дам проверяемый результат: Обезличенная ОСВ 62, акт сверки, таблица кто кому сколько и по каким документам. Для точной оценки пришлите: выгрузка, период, счет, контрагент, версия 1С, что именно не сходится.","Обезличенная ОСВ 62, акт сверки, таблица кто кому сколько и по каким документам.",низкий,живой слой,https://kwork.ru/projects/3196862,
39,90,брать с границами,Влад,аккаунт Влада,"Python, парсинг, данные",Разработать аналог сайта + парсинг/наполнение,30 000-90 000 руб.,30,высокая,16,3 750,"Хорошая зона Влада, если есть четкий источник, формат результата и допустимость сбора. Сырье: крупный парсинг+сайт","Начинать с MVP одного источника: CSV, лог ошибок, ограничения, затем масштабирование.","Здравствуйте. Могу взять, но сначала зафиксирую границы, чтобы не продать вам туман. По запросу ""Разработать аналог сайта + парсинг/наполнение"" я бы начал с короткого разбора: Начинать с MVP одного источника: CSV, лог ошибок, ограничения, затем масштабирование. На выходе дам проверяемый результат: Мини-парсер, CSV до/после, лог ошибок, README как запускать. Для точной оценки пришлите: источник, пример страницы, поля, частота, формат выгрузки, ограничения.","Мини-парсер, CSV до/после, лог ошибок, README как запускать.",низкий,живой слой,https://kwork.ru/projects/3196048,
41,90,брать с границами,Влад,аккаунт Влада,"Python, парсинг, данные",Доработка парсера,30 000-90 000 руб.,48,высокая,16,3 750,"Хорошая зона Влада, если есть четкий источник, формат результата и допустимость сбора. Сырье: старый но активный","Начинать с MVP одного источника: CSV, лог ошибок, ограничения, затем масштабирование.","Здравствуйте. Могу взять, но сначала зафиксирую границы, чтобы не продать вам туман. По запросу ""Доработка парсера"" я бы начал с короткого разбора: Начинать с MVP одного источника: CSV, лог ошибок, ограничения, затем масштабирование. На выходе дам проверяемый результат: Мини-парсер, CSV до/после, лог ошибок, README как запускать. Для точной оценки пришлите: источник, пример страницы, поля, частота, формат выгрузки, ограничения.","Мини-парсер, CSV до/после, лог ошибок, README как запускать.",низкий,живой слой,https://kwork.ru/projects/2545228,
59,88,брать точечно,Влад,аккаунт Влада,Смешанные бизнес-задачи,Поиск покупателя для готового AI-стартапа,90 000 руб.,1,низкая,20,4 500,"Нужна ручная проверка, потому что направление не попало в главный канон. Сырье: AI-продукт, buyer list, упаковка сделки | AI-продукт, buyer list, упаковка сделки | buyer_orders=39; hire_percent=58; risk=Продажа стартапа без базы инвесторов сложна; action=Предложить список гипотез покупателей, питч, письмо, CRM-таблицу","Сначала уточнить объем, результат, приемку, срок и доступы.","Здравствуйте. Могу взять, но сначала зафиксирую границы, чтобы не продать вам туман. По запросу ""Поиск покупателя для готового AI-стартапа"" я бы начал с короткого разбора: Сначала уточнить объем, результат, приемку, срок и доступы. На выходе дам проверяемый результат: Один обезличенный пример результата. Для точной оценки пришлите: исходные данные, пример результата, срок, критерии приемки.",Один обезличенный пример результата.,средний,старый реестр,https://kwork.ru/projects/3192274,ПРОВЕРИТЬ свежесть и источник
23,86,только платный разбор,Влад,аккаунт Влада,"ИИ, боты, CRM",Корпоративный мессенджер для компании,100 000-200 000 руб.,40,высокая,24,6 250,"Брать только как управляемый процесс: аудит, схема, один сценарий, тесты, затем оценка. Сырье: крупная разработка","Предлагать только первый этап: платный разбор, схема, вопросы, оценка. Не обещать волшебного бота. Сначала карта процесса, входы, CRM, статусы, прототип одного сценария.","Здравствуйте. Могу взять, но сначала зафиксирую границы, чтобы не продать вам туман. По запросу ""Корпоративный мессенджер для компании"" я бы начал с короткого разбора: Не обещать волшебного бота. Сначала карта процесса, входы, CRM, статусы, прототип одного сценария. На выходе дам проверяемый результат: Схема процесса, тестовый сценарий, таблица проверок, короткий Codex-промпт. Для точной оценки пришлите: каналы заявок, CRM, 5-10 примеров, желаемый статус, ограничения доступов.","Схема процесса, тестовый сценарий, таблица проверок, короткий Codex-промпт.",средний,живой слой,https://kwork.ru/projects/3197935,
25,86,только платный разбор,Влад,аккаунт Влада,"ИИ, боты, CRM",ИИ бот для наблюдения за видеокамерами,100 000-200 000 руб.,55,высокая,24,6 250,"Брать только как управляемый процесс: аудит, схема, один сценарий, тесты, затем оценка. Сырье: CV/AI крупный бюджет","Предлагать только первый этап: платный разбор, схема, вопросы, оценка. Не обещать волшебного бота. Сначала карта процесса, входы, CRM, статусы, прототип одного сценария.","Здравствуйте. Могу взять, но сначала зафиксирую границы, чтобы не продать вам туман. По запросу ""ИИ бот для наблюдения за видеокамерами"" я бы начал с короткого разбора: Не обещать волшебного бота. Сначала карта процесса, входы, CRM, статусы, прототип одного сценария. На выходе дам проверяемый результат: Схема процесса, тестовый сценарий, таблица проверок, короткий Codex-промпт. Для точной оценки пришлите: каналы заявок, CRM, 5-10 примеров, желаемый статус, ограничения доступов.","Схема процесса, тестовый сценарий, таблица проверок, короткий Codex-промпт.",средний,живой слой,https://kwork.ru/projects/3197479,
19,80,не наш профиль,Влад,аккаунт Влада,"ТЗ, структура, Гант",Техническое задание на проектирование бани,7 000-21 000 руб.,2,низкая,4,3 500,"Влад может взять хаос и превратить в ТЗ, матрицу требований, вопросы, этапы и Гант без инженерной ответственности. Сырье: ТЗ=стройка не IT","Собрать исходные данные, ограничения, этапы, зависимости, вопросы и критерии приемки.","Здравствуйте. Могу взять, но сначала зафиксирую границы, чтобы не продать вам туман. По запросу ""Техническое задание на проектирование бани"" я бы начал с короткого разбора: Собрать исходные данные, ограничения, этапы, зависимости, вопросы и критерии приемки. На выходе дам проверяемый результат: Матрица требований, Гант, список вопросов исполнителю, критерии приемки. Для точной оценки пришлите: цель, текущие материалы, сроки, бюджет, ограничения, кто принимает.","Матрица требований, Гант, список вопросов исполнителю, критерии приемки.",низкий,живой слой,https://kwork.ru/projects/3195348,
44,80,брать с границами,Влад,аккаунт Влада,"сайт, WordPress, SEO",Создать одностраничный сайт,15 000-45 000 руб.,25,высокая,6,5 000,"Не конкурировать с разработчиками по всему сайту. Брать размещение, структуру, карточки, SEO-поля и мелкие правки. Сырье: лендинг конкурентно","Попросить доступ, пример готовой страницы, текст, изображения, SEO-title, description.","Здравствуйте. Могу взять, но сначала зафиксирую границы, чтобы не продать вам туман. По запросу ""Создать одностраничный сайт"" я бы начал с короткого разбора: Попросить доступ, пример готовой страницы, текст, изображения, SEO-title, description. На выходе дам проверяемый результат: Демо пост WordPress: заголовки, картинка, CTA, SEO-поля, чек-лист публикации. Для точной оценки пришлите: доступ, пример страницы, текст, картинки, SEO-поля, запреты.","Демо пост WordPress: заголовки, картинка, CTA, SEO-поля, чек-лист публикации.",низкий,живой слой,https://kwork.ru/projects/3198790,
16,80,брать с границами,Настя + Влад,"аккаунт Насти, Влад помогает с техникой",Маркетплейсы,Разработка стиля карточек и витрины для маркетплейсов,10 000-30 000 руб.,27,высокая,6,3 333,"Брать только данные и структуру: SKU, фото, карточки, описания, признаки товара, не дизайн ради дизайна. Сырье: дизайн+контент МП","Начать с 5-10 SKU, сверить фото, артикул, описание, характеристики и источник.","Здравствуйте. Могу разобрать задачу спокойно и по документам, без вида что все понятно по одному скрину. По запросу ""Разработка стиля карточек и витрины для маркетплейсов"" я бы начал с короткого разбора: Начать с 5-10 SKU, сверить фото, артикул, описание, характеристики и источник. На выходе дам проверяемый результат: Таблица SKU: фото, артикул, описание, источник, статус, что не хватает. Для точной оценки пришлите: прайс, артикулы, сайт/папка фото, правила названий, площадка.","Таблица SKU: фото, артикул, описание, источник, статус, что не хватает.",низкий,живой слой,https://kwork.ru/projects/3198647,
8,80,брать с границами,Влад,аккаунт Влада,"сайт, WordPress, SEO",Разработать интернет-магазин (сайт уже есть),10 000-30 000 руб.,29,высокая,6,3 333,"Не конкурировать с разработчиками по всему сайту. Брать размещение, структуру, карточки, SEO-поля и мелкие правки. Сырье: e-commerce доработка | Можно через ТЗ, структуру каталога и базовую реализацию | buyer_orders=3; hire_percent=100; risk=Разработка под ключ может быть шире навыков/срока; action=Предложить discovery + ТЗ + MVP-каталог, не обещать полный e-commerce без аудита","Попросить доступ, пример готовой страницы, текст, изображения, SEO-title, description.","Здравствуйте. Могу взять, но сначала зафиксирую границы, чтобы не продать вам туман. По запросу ""Разработать интернет-магазин (сайт уже есть)"" я бы начал с короткого разбора: Попросить доступ, пример готовой страницы, текст, изображения, SEO-title, description. На выходе дам проверяемый результат: Демо пост WordPress: заголовки, картинка, CTA, SEO-поля, чек-лист публикации. Для точной оценки пришлите: доступ, пример страницы, текст, картинки, SEO-поля, запреты.","Демо пост WordPress: заголовки, картинка, CTA, SEO-поля, чек-лист публикации.",средний,живой слой + старый реестр,https://kwork.ru/projects/3198330,
6,80,брать с границами,Влад,аккаунт Влада,"Python, парсинг, данные",Доработка отчётов в DataLence,10 000-30 000 руб.,33,высокая,8,2 500,"Хорошая зона Влада, если есть четкий источник, формат результата и допустимость сбора. Сырье: BI/данные | Аналитический отчет, метрики, таблицы | buyer_orders=1; hire_percent=0; risk=Нужен опыт DataLens и доступ; action=Попросить ТЗ, текущий дашборд, список показателей, источники данных","Начинать с MVP одного источника: CSV, лог ошибок, ограничения, затем масштабирование.","Здравствуйте. Могу взять, но сначала зафиксирую границы, чтобы не продать вам туман. По запросу ""Доработка отчётов в DataLence"" я бы начал с короткого разбора: Начинать с MVP одного источника: CSV, лог ошибок, ограничения, затем масштабирование. На выходе дам проверяемый результат: Мини-парсер, CSV до/после, лог ошибок, README как запускать. Для точной оценки пришлите: источник, пример страницы, поля, частота, формат выгрузки, ограничения.","Мини-парсер, CSV до/после, лог ошибок, README как запускать.",средний,живой слой + старый реестр,https://kwork.ru/projects/3197770,
46,78,брать точечно,Настя + Влад,"аккаунт Насти, Влад помогает с техникой","1С, учет, ОСВ, акты","Маркировка товара Честный знак, косметика",30 000 руб.,1,низкая,10,3 000,"Есть сильный бытовой и рабочий контекст: 1С, ОСВ, акты сверки, дебиторка, кредиторка, УПД, счета, налоги. Сырье: Документы, маркировка, 1С, товарные группы | Документы, маркировка, 1С, товарные группы | buyer_orders=1; hire_percent=100; risk=Нужна точная экспертиза по маркировке; action=Брать только консультационный разбор и список действий после уточнения опыта","Попросить выгрузку, период, счет, контрагента, версию 1С и проблему словами. Делать таблицу расхождений, не гадать по скриншоту.","Здравствуйте. Могу разобрать задачу спокойно и по документам, без вида что все понятно по одному скрину. По запросу ""Маркировка товара Честный знак, косметика"" я бы начал с короткого разбора: Попросить выгрузку, период, счет, контрагента, версию 1С и проблему словами. Делать таблицу расхождений, не гадать по скриншоту. На выходе дам проверяемый результат: Обезличенная ОСВ 62, акт сверки, таблица кто кому сколько и по каким документам. Для точной оценки пришлите: выгрузка, период, счет, контрагент, версия 1С, что именно не сходится.","Обезличенная ОСВ 62, акт сверки, таблица кто кому сколько и по каким документам.",средний,старый реестр,https://kwork.ru/projects/3197398,ПРОВЕРИТЬ свежесть и источник
54,78,TAKE_AS_POSITIONING,Влад,аккаунт Влада,Смешанные бизнес-задачи,Сайт детского спортивного психолога,30 000 руб.,1,низкая,14,2 143,"Нужна ручная проверка, потому что направление не попало в главный канон. Сырье: Нужна суть продукта, структура, тексты, сайт | Нужна суть продукта, структура, тексты, сайт | buyer_orders=39; hire_percent=40; risk=Дизайн/разработка могут съесть бюджет; action=Предложить структуру сайта, оффер, тексты, прототип; разработку отдельно","Сначала уточнить объем, результат, приемку, срок и доступы.","Здравствуйте. Могу взять, но сначала зафиксирую границы, чтобы не продать вам туман. По запросу ""Сайт детского спортивного психолога"" я бы начал с короткого разбора: Сначала уточнить объем, результат, приемку, срок и доступы. На выходе дам проверяемый результат: Один обезличенный пример результата. Для точной оценки пришлите: исходные данные, пример результата, срок, критерии приемки.",Один обезличенный пример результата.,низкий,старый реестр,https://kwork.ru/projects/3186458,ПРОВЕРИТЬ свежесть и источник
56,78,брать точечно,Настя,аккаунт Насти,Смешанные бизнес-задачи,Rich-контент и инфографика для Ozon,30 000 руб.,1,низкая,15,2 000,"Нужна ручная проверка, потому что направление не попало в главный канон. Сырье: Маркетплейсы и смысловая воронка близко, дизайн слабее | Маркетплейсы и смысловая воронка близко, дизайн слабее | buyer_orders=2; hire_percent=100; risk=Нужен дизайнерский портфель; action=Брать только текстовую структуру карточки и ТЗ для дизайнера","Сначала уточнить объем, результат, приемку, срок и доступы.","Здравствуйте. Могу разобрать задачу спокойно и по документам, без вида что все понятно по одному скрину. По запросу ""Rich-контент и инфографика для Ozon"" я бы начал с короткого разбора: Сначала уточнить объем, результат, приемку, срок и доступы. На выходе дам проверяемый результат: Один обезличенный пример результата. Для точной оценки пришлите: исходные данные, пример результата, срок, критерии приемки.",Один обезличенный пример результата.,средний,старый реестр,https://kwork.ru/projects/3193260,ПРОВЕРИТЬ свежесть и источник
58,78,LOSE,Влад,аккаунт Влада,Смешанные бизнес-задачи,Реклама премиум-кухонь в Москве и МО,75 000 руб.,1,низкая,25,3 000,"Нужна ручная проверка, потому что направление не попало в главный канон. Сырье: B2B/GTM частично близко | B2B/GTM частично близко | buyer_orders=10; hire_percent=100; risk=Нужен директолог с кейсами, это не стартовый профиль; action=Не брать; можно предложить аудит воронки и КП","Сначала уточнить объем, результат, приемку, срок и доступы.","Здравствуйте. Могу взять, но сначала зафиксирую границы, чтобы не продать вам туман. По запросу ""Реклама премиум-кухонь в Москве и МО"" я бы начал с короткого разбора: Сначала уточнить объем, результат, приемку, срок и доступы. На выходе дам проверяемый результат: Один обезличенный пример результата. Для точной оценки пришлите: исходные данные, пример результата, срок, критерии приемки.",Один обезличенный пример результата.,высокий,старый реестр,https://kwork.ru/projects/3198398,ПРОВЕРИТЬ свежесть и источник
74,78,DANGER,Влад,аккаунт Влада,"сайт, WordPress, SEO",WordPress сайт с Supabase и SEO-страницами,30 000 руб.,1,низкая,35,857,"Не конкурировать с разработчиками по всему сайту. Брать размещение, структуру, карточки, SEO-поля и мелкие правки. Сырье: Технически близко, но объем большой: PHP, Bricks, ACF, Supabase 90k отелей | Технически близко, но объем большой: PHP, Bricks, ACF, Supabase 90k отелей | buyer_orders=49; hire_percent=54; risk=Недооценка разработки почти гарантирована; action=Не брать под ключ; предложить аудит, архитектуру и декомпозицию","Попросить доступ, пример готовой страницы, текст, изображения, SEO-title, description.","Здравствуйте. Могу взять, но сначала зафиксирую границы, чтобы не продать вам туман. По запросу ""WordPress сайт с Supabase и SEO-страницами"" я бы начал с короткого разбора: Попросить доступ, пример готовой страницы, текст, изображения, SEO-title, description. На выходе дам проверяемый результат: Демо пост WordPress: заголовки, картинка, CTA, SEO-поля, чек-лист публикации. Для точной оценки пришлите: доступ, пример страницы, текст, картинки, SEO-поля, запреты.","Демо пост WordPress: заголовки, картинка, CTA, SEO-поля, чек-лист публикации.",высокий,старый реестр,https://kwork.ru/projects/3197570,ПРОВЕРИТЬ свежесть и источник
60,78,LOSE,Влад,аккаунт Влада,Смешанные бизнес-задачи,Холодные звонки по базе для выхода на ЛПР,45 000 руб.,2,низкая,25,1 800,"Нужна ручная проверка, потому что направление не попало в главный канон. Сырье: B2B навык есть, но это операционный колл-центр | B2B навык есть, но это операционный колл-центр | buyer_orders=29; hire_percent=25; risk=Не наш формат, высокая эмоциональная цена; action=Не брать как звонки; можно предложить скрипт, сегментацию и CRM-таблицу","Сначала уточнить объем, результат, приемку, срок и доступы.","Здравствуйте. Могу взять, но сначала зафиксирую границы, чтобы не продать вам туман. По запросу ""Холодные звонки по базе для выхода на ЛПР"" я бы начал с короткого разбора: Сначала уточнить объем, результат, приемку, срок и доступы. На выходе дам проверяемый результат: Один обезличенный пример результата. Для точной оценки пришлите: исходные данные, пример результата, срок, критерии приемки.",Один обезличенный пример результата.,высокий,старый реестр,https://kwork.ru/projects/3198231,ПРОВЕРИТЬ свежесть и источник
22,72,брать с границами,Влад,аккаунт Влада,"ИИ, боты, CRM",Анализ записей телефонных разговоров с ИИ,5 000-15 000 руб.,21,высокая,10,1 000,"Брать только как управляемый процесс: аудит, схема, один сценарий, тесты, затем оценка. Сырье: AI-обработка речи","Не обещать волшебного бота. Сначала карта процесса, входы, CRM, статусы, прототип одного сценария.","Здравствуйте. Могу взять, но сначала зафиксирую границы, чтобы не продать вам туман. По запросу ""Анализ записей телефонных разговоров с ИИ"" я бы начал с короткого разбора: Не обещать волшебного бота. Сначала карта процесса, входы, CRM, статусы, прототип одного сценария. На выходе дам проверяемый результат: Схема процесса, тестовый сценарий, таблица проверок, короткий Codex-промпт. Для точной оценки пришлите: каналы заявок, CRM, 5-10 примеров, желаемый статус, ограничения доступов.","Схема процесса, тестовый сценарий, таблица проверок, короткий Codex-промпт.",низкий,живой слой,https://kwork.ru/projects/3198370,
15,72,брать с границами,Влад,аккаунт Влада,Маркетинговая аналитика,Анализ конкурентов,3 500 руб.,22,высокая,6,583,"Брать, если нужна таблица решений: unit-экономика, воронка, конкуренты, сегменты, выводы. Сырье: конкурентный анализ","Уточнить метрики, период, источники данных и решение, которое надо принять после анализа.","Здравствуйте. Могу взять, но сначала зафиксирую границы, чтобы не продать вам туман. По запросу ""Анализ конкурентов"" я бы начал с короткого разбора: Уточнить метрики, период, источники данных и решение, которое надо принять после анализа. На выходе дам проверяемый результат: Таблица unit-экономики, выводы, что менять первым, что проверить. Для точной оценки пришлите: данные продаж, расходы, каналы, период, цель анализа.","Таблица unit-экономики, выводы, что менять первым, что проверить.",низкий,живой слой,https://kwork.ru/projects/3195547,
2,72,брать с границами,Влад,аккаунт Влада,"ИИ, боты, CRM",Доработка бота в Salebot для ВК и ТГ,5 000-15 000 руб.,31,высокая,10,1 000,"Брать только как управляемый процесс: аудит, схема, один сценарий, тесты, затем оценка. Сырье: доработка конструктора | Боты, личный кабинет, рефералы, статусы | buyer_orders=8; hire_percent=20; risk=Зависимость от Salebot и чужих доступов; action=Попросить схему текущего бота, доступ тестовый, список сценариев, логи ошибок","Не обещать волшебного бота. Сначала карта процесса, входы, CRM, статусы, прототип одного сценария.","Здравствуйте. Могу взять, но сначала зафиксирую границы, чтобы не продать вам туман. По запросу ""Доработка бота в Salebot для ВК и ТГ"" я бы начал с короткого разбора: Не обещать волшебного бота. Сначала карта процесса, входы, CRM, статусы, прототип одного сценария. На выходе дам проверяемый результат: Схема процесса, тестовый сценарий, таблица проверок, короткий Codex-промпт. Для точной оценки пришлите: каналы заявок, CRM, 5-10 примеров, желаемый статус, ограничения доступов.","Схема процесса, тестовый сценарий, таблица проверок, короткий Codex-промпт.",средний,живой слой + старый реестр,https://kwork.ru/projects/3197646,
40,72,брать с границами,Влад,аккаунт Влада,"Python, парсинг, данные",Дополнить робота по автоответам на Ozon,1 000-3 000 руб.,39,высокая,8,250,"Хорошая зона Влада, если есть четкий источник, формат результата и допустимость сбора. Сырье: дешёвый но много откликов","Начинать с MVP одного источника: CSV, лог ошибок, ограничения, затем масштабирование.","Здравствуйте. Могу взять, но сначала зафиксирую границы, чтобы не продать вам туман. По запросу ""Дополнить робота по автоответам на Ozon"" я бы начал с короткого разбора: Начинать с MVP одного источника: CSV, лог ошибок, ограничения, затем масштабирование. На выходе дам проверяемый результат: Мини-парсер, CSV до/после, лог ошибок, README как запускать. Для точной оценки пришлите: источник, пример страницы, поля, частота, формат выгрузки, ограничения.","Мини-парсер, CSV до/после, лог ошибок, README как запускать.",низкий,живой слой,https://kwork.ru/projects/3198488,
24,72,брать с границами,Влад,аккаунт Влада,"ИИ, боты, CRM",Исправить ошибки в работе бота,6 500-19 500 руб.,47,высокая,10,1 300,"Брать только как управляемый процесс: аудит, схема, один сценарий, тесты, затем оценка. Сырье: фикс-задача","Не обещать волшебного бота. Сначала карта процесса, входы, CRM, статусы, прототип одного сценария.","Здравствуйте. Могу взять, но сначала зафиксирую границы, чтобы не продать вам туман. По запросу ""Исправить ошибки в работе бота"" я бы начал с короткого разбора: Не обещать волшебного бота. Сначала карта процесса, входы, CRM, статусы, прототип одного сценария. На выходе дам проверяемый результат: Схема процесса, тестовый сценарий, таблица проверок, короткий Codex-промпт. Для точной оценки пришлите: каналы заявок, CRM, 5-10 примеров, желаемый статус, ограничения доступов.","Схема процесса, тестовый сценарий, таблица проверок, короткий Codex-промпт.",низкий,живой слой,https://kwork.ru/projects/3198567,
49,70,TAKE_WITH_BOUNDARY,Настя,аккаунт Насти,"Документы, договоры, заявки",Вывод товара в розничные сети и договор поставки,9 000 руб.,1,низкая,7,1 286,"Сильная зона Насти: договоры поставки, ИТ-договоры, протоколы разногласий, трехсторонние договоры, УФАС, МСП, АНО. Сырье: Поставка, договор, розничные сети, коммерческая логика | Поставка, договор, розничные сети, коммерческая логика | buyer_orders=18; hire_percent=67; risk=Не обещать одобрение сети; action=Предложить пакет: КП, список сетей, письмо, карта требований, договорные риски","Разобрать документы в таблицу: пункт, риск, что просим заменить, почему, что спросить до подписи.","Здравствуйте. Могу разобрать задачу спокойно и по документам, без вида что все понятно по одному скрину. По запросу ""Вывод товара в розничные сети и договор поставки"" я бы начал с короткого разбора: Разобрать документы в таблицу: пункт, риск, что просим заменить, почему, что спросить до подписи. На выходе дам проверяемый результат: Протокол разногласий и таблица рисков по обезличенному договору. Для точной оценки пришлите: договор, приложения, счет, акт, цель правки, красные пункты.",Протокол разногласий и таблица рисков по обезличенному договору.,средний,старый реестр,https://kwork.ru/projects/3198018,ПРОВЕРИТЬ свежесть и источник
55,70,брать точечно,Влад,аккаунт Влада,Смешанные бизнес-задачи,Упаковка Авито аккаунта,5 000 руб.,1,низкая,5,1 000,"Нужна ручная проверка, потому что направление не попало в главный канон. Сырье: Фирменный стиль, шаблоны, карточки, тексты | Фирменный стиль, шаблоны, карточки, тексты | buyer_orders=1; hire_percent=0; risk=Не основной профиль без визуального портфолио; action=Взять только как структура, тексты и ТЗ для дизайна","Сначала уточнить объем, результат, приемку, срок и доступы.","Здравствуйте. Могу взять, но сначала зафиксирую границы, чтобы не продать вам туман. По запросу ""Упаковка Авито аккаунта"" я бы начал с короткого разбора: Сначала уточнить объем, результат, приемку, срок и доступы. На выходе дам проверяемый результат: Один обезличенный пример результата. Для точной оценки пришлите: исходные данные, пример результата, срок, критерии приемки.",Один обезличенный пример результата.,средний,старый реестр,https://kwork.ru/projects/3198125,ПРОВЕРИТЬ свежесть и источник
57,70,LOSE,Влад,аккаунт Влада,Смешанные бизнес-задачи,100 холодных звонков по базе владельцев бизнеса,9 000 руб.,1,низкая,12,750,"Нужна ручная проверка, потому что направление не попало в главный канон. Сырье: Продажи есть, но работа телефонного оператора | Продажи есть, но работа телефонного оператора | buyer_orders=8; hire_percent=43; risk=Не тот формат, низкая ставка; action=Можно предложить скрипт звонка, сегментацию, таблицу статусов","Сначала уточнить объем, результат, приемку, срок и доступы.","Здравствуйте. Могу взять, но сначала зафиксирую границы, чтобы не продать вам туман. По запросу ""100 холодных звонков по базе владельцев бизнеса"" я бы начал с короткого разбора: Сначала уточнить объем, результат, приемку, срок и доступы. На выходе дам проверяемый результат: Один обезличенный пример результата. Для точной оценки пришлите: исходные данные, пример результата, срок, критерии приемки.",Один обезличенный пример результата.,высокий,старый реестр,https://kwork.ru/projects/3198066,ПРОВЕРИТЬ свежесть и источник
71,70,"брать, если есть формулы, сверка или автоматизация",Настя + Влад,"аккаунт Насти, Влад помогает с техникой",Excel и таблицы,"Рутина интернет-магазина: товары, таблицы, нейросети",1 500 руб.,1,низкая,2,750,"Брать не ручной ввод, а таблицы со смыслом: формулы, сводные, склейка файлов, контроль статусов, CRM, 1С, макросы или веб-хук. Сырье: Совпадает с аккуратной рутиной, таблицами, карточками | Совпадает с аккуратной рутиной, таблицами, карточками | buyer_orders=32; hire_percent=56; risk=Очень низкий чек; action=Брать только тестом 1-2 часа, не обещать долгую ручную рутину","Попросить файл до, пример результата и правило расчета. Начинать с одного листа или 20 строк.","Здравствуйте. Могу разобрать задачу спокойно и по документам, без вида что все понятно по одному скрину. По запросу ""Рутина интернет-магазина: товары, таблицы, нейросети"" я бы начал с короткого разбора: Попросить файл до, пример результата и правило расчета. Начинать с одного листа или 20 строк. На выходе дам проверяемый результат: Демо таблица: исходник, формулы, сводная, проверка ошибок, лист с инструкцией. Для точной оценки пришлите: исходные файлы, пример результата, правила расчета, частота обновления.","Демо таблица: исходник, формулы, сводная, проверка ошибок, лист с инструкцией.",низкий,старый реестр,https://kwork.ru/projects/3198105,ПРОВЕРИТЬ свежесть и источник
73,70,TAKE_IF_PLUGIN,Влад,аккаунт Влада,"сайт, WordPress, SEO",Синхронизация календаря бронирования WordPress,9 000 руб.,1,низкая,6,1 500,"Не конкурировать с разработчиками по всему сайту. Брать размещение, структуру, карточки, SEO-поля и мелкие правки. Сырье: WordPress + постановка ТЗ + календарь | WordPress + постановка ТЗ + календарь | buyer_orders=4; hire_percent=0; risk=Риск нестандартного плагина/хостинга; action=Попросить сайт, плагин, пример желаемого календаря, доступ staging","Попросить доступ, пример готовой страницы, текст, изображения, SEO-title, description.","Здравствуйте. Могу взять, но сначала зафиксирую границы, чтобы не продать вам туман. По запросу ""Синхронизация календаря бронирования WordPress"" я бы начал с короткого разбора: Попросить доступ, пример готовой страницы, текст, изображения, SEO-title, description. На выходе дам проверяемый результат: Демо пост WordPress: заголовки, картинка, CTA, SEO-поля, чек-лист публикации. Для точной оценки пришлите: доступ, пример страницы, текст, картинки, SEO-поля, запреты.","Демо пост WordPress: заголовки, картинка, CTA, SEO-поля, чек-лист публикации.",средний,старый реестр,https://kwork.ru/projects/3195288,ПРОВЕРИТЬ свежесть и источник
75,70,TAKE_FAST,Настя,аккаунт Насти,"сайт, WordPress, SEO",Публикация карточек товара на досках объявлений,3 000 руб.,1,низкая,3,1 000,"Не конкурировать с разработчиками по всему сайту. Брать размещение, структуру, карточки, SEO-поля и мелкие правки. Сырье: Карточки, интернет-магазин, аккуратная публикация | Карточки, интернет-магазин, аккуратная публикация | buyer_orders=1002; hire_percent=37; risk=Рутина и возможные правила площадок; action=Брать как тест: 10 карточек, чек-лист полей, отчет о публикациях","Попросить доступ, пример готовой страницы, текст, изображения, SEO-title, description.","Здравствуйте. Могу разобрать задачу спокойно и по документам, без вида что все понятно по одному скрину. По запросу ""Публикация карточек товара на досках объявлений"" я бы начал с короткого разбора: Попросить доступ, пример готовой страницы, текст, изображения, SEO-title, description. На выходе дам проверяемый результат: Демо пост WordPress: заголовки, картинка, CTA, SEO-поля, чек-лист публикации. Для точной оценки пришлите: доступ, пример страницы, текст, картинки, SEO-поля, запреты.","Демо пост WordPress: заголовки, картинка, CTA, SEO-поля, чек-лист публикации.",низкий,старый реестр,https://kwork.ru/projects/3197908,ПРОВЕРИТЬ свежесть и источник
77,70,брать точечно,Влад,аккаунт Влада,"сайт, WordPress, SEO",Восстановить WordPress сайт из вебархива,6 000 руб.,1,низкая,6,1 000,"Не конкурировать с разработчиками по всему сайту. Брать размещение, структуру, карточки, SEO-поля и мелкие правки. Сырье: Можно попробовать как восстановление контента/структуры | Можно попробовать как восстановление контента/структуры | buyer_orders=11; hire_percent=33; risk=Полное восстановление дизайна может быть шире; action=Взять только после просмотра вебархива и объема страниц","Попросить доступ, пример готовой страницы, текст, изображения, SEO-title, description.","Здравствуйте. Могу взять, но сначала зафиксирую границы, чтобы не продать вам туман. По запросу ""Восстановить WordPress сайт из вебархива"" я бы начал с короткого разбора: Попросить доступ, пример готовой страницы, текст, изображения, SEO-title, description. На выходе дам проверяемый результат: Демо пост WordPress: заголовки, картинка, CTA, SEO-поля, чек-лист публикации. Для точной оценки пришлите: доступ, пример страницы, текст, картинки, SEO-поля, запреты.","Демо пост WordPress: заголовки, картинка, CTA, SEO-поля, чек-лист публикации.",средний,старый реестр,https://kwork.ru/projects/3198051,ПРОВЕРИТЬ свежесть и источник
63,70,TAKE_AS_TZ_ONLY,Влад,аккаунт Влада,"ТЗ, структура, Гант",ТЗ на проектирование бани,7 000 руб.,2,низкая,4,1 750,"Влад может взять хаос и превратить в ТЗ, матрицу требований, вопросы, этапы и Гант без инженерной ответственности. Сырье: Можно собрать ТЗ, вопросы, чек-лист исходных данных","Собрать исходные данные, ограничения, этапы, зависимости, вопросы и критерии приемки.","Здравствуйте. Могу взять, но сначала зафиксирую границы, чтобы не продать вам туман. По запросу ""ТЗ на проектирование бани"" я бы начал с короткого разбора: Собрать исходные данные, ограничения, этапы, зависимости, вопросы и критерии приемки. На выходе дам проверяемый результат: Матрица требований, Гант, список вопросов исполнителю, критерии приемки. Для точной оценки пришлите: цель, текущие материалы, сроки, бюджет, ограничения, кто принимает.","Матрица требований, Гант, список вопросов исполнителю, критерии приемки.",низкий,старый реестр,spouse_kwork/assets/kwork_request_screenshots/10_bathhouse_technical_spec.png,ПРОВЕРИТЬ свежесть и источник
47,70,брать точечно,Настя + Влад,"аккаунт Насти, Влад помогает с техникой","1С, учет, ОСВ, акты",Интеграция сайта на 1С-Битрикс и 1С,10 000 руб.,3,низкая,10,1 000,"Есть сильный бытовой и рабочий контекст: 1С, ОСВ, акты сверки, дебиторка, кредиторка, УПД, счета, налоги. Сырье: Интеграционная логика близка, но 1С-Битрикс глубже | Интеграционная логика близка, но 1С-Битрикс глубже | buyer_orders=29; hire_percent=50; risk=Риск старого модуля и чужой 1С; action=Брать только диагностику и ТЗ на восстановление обмена","Попросить выгрузку, период, счет, контрагента, версию 1С и проблему словами. Делать таблицу расхождений, не гадать по скриншоту.","Здравствуйте. Могу разобрать задачу спокойно и по документам, без вида что все понятно по одному скрину. По запросу ""Интеграция сайта на 1С-Битрикс и 1С"" я бы начал с короткого разбора: Попросить выгрузку, период, счет, контрагента, версию 1С и проблему словами. Делать таблицу расхождений, не гадать по скриншоту. На выходе дам проверяемый результат: Обезличенная ОСВ 62, акт сверки, таблица кто кому сколько и по каким документам. Для точной оценки пришлите: выгрузка, период, счет, контрагент, версия 1С, что именно не сходится.","Обезличенная ОСВ 62, акт сверки, таблица кто кому сколько и по каким документам.",средний,старый реестр,https://kwork.ru/projects/2503131,ПРОВЕРИТЬ свежесть и источник
61,70,TAKE_WITH_SCOPE,Влад,аккаунт Влада,Смешанные бизнес-задачи,HTML-страница с аналитическими данными,15 000 руб.,4,низкая,10,1 500,"Нужна ручная проверка, потому что направление не попало в главный канон. Сырье: Влад может собрать HTML/дашборд/структуру метрик | Влад может собрать HTML/дашборд/структуру метрик | buyer_orders=382; hire_percent=90; risk=Требуется уточнение интеграции с Битрикс; action=Сначала макет данных, затем статическая HTML-страница и список API-долга","Сначала уточнить объем, результат, приемку, срок и доступы.","Здравствуйте. Могу взять, но сначала зафиксирую границы, чтобы не продать вам туман. По запросу ""HTML-страница с аналитическими данными"" я бы начал с короткого разбора: Сначала уточнить объем, результат, приемку, срок и доступы. На выходе дам проверяемый результат: Один обезличенный пример результата. Для точной оценки пришлите: исходные данные, пример результата, срок, критерии приемки.",Один обезличенный пример результата.,низкий,старый реестр,https://kwork.ru/projects/3197546,ПРОВЕРИТЬ свежесть и источник
70,70,TAKE_TEST,Влад,аккаунт Влада,"бизнес-клиенты, КП, лиды",Поиск 5 клиентов,10 000 руб.,5,низкая,4,2 500,"Влад силен не в копирайтинге ради текста, а в логике сделки: кому продаем, почему поверят, какой следующий шаг. Сырье: Проверка ICP и базы клиентов","Собрать ICP, тестовую базу 20 строк, источник, статус проверки и текст первого касания.","Здравствуйте. Могу взять, но сначала зафиксирую границы, чтобы не продать вам туман. По запросу ""Поиск 5 клиентов"" я бы начал с короткого разбора: Собрать ICP, тестовую базу 20 строк, источник, статус проверки и текст первого касания. На выходе дам проверяемый результат: Демо база 20 строк, структура КП, пример первого сообщения. Для точной оценки пришлите: кому продаем, география, запреты, признаки клиента, нужные контакты.","Демо база 20 строк, структура КП, пример первого сообщения.",высокий,старый реестр,spouse_kwork/assets/kwork_request_screenshots/02_client_search.png,ПРОВЕРИТЬ свежесть и источник
45,68,не наш профиль,не наш профиль,не выходить без проверки,"сайт, WordPress, SEO",Провести SEO-аудит и подготовить план,15 000-45 000 руб.,32,высокая,6,5 000,"Не конкурировать с разработчиками по всему сайту. Брать размещение, структуру, карточки, SEO-поля и мелкие правки. Сырье: не наша ниша","Попросить доступ, пример готовой страницы, текст, изображения, SEO-title, description.","Здравствуйте. Могу взять, но сначала зафиксирую границы, чтобы не продать вам туман. По запросу ""Провести SEO-аудит и подготовить план"" я бы начал с короткого разбора: Попросить доступ, пример готовой страницы, текст, изображения, SEO-title, description. На выходе дам проверяемый результат: Демо пост WordPress: заголовки, картинка, CTA, SEO-поля, чек-лист публикации. Для точной оценки пришлите: доступ, пример страницы, текст, картинки, SEO-поля, запреты.","Демо пост WordPress: заголовки, картинка, CTA, SEO-поля, чек-лист публикации.",низкий,живой слой,https://kwork.ru/projects/3197965,
27,66,только платный разбор,Влад,аккаунт Влада,"ИИ, боты, CRM",AI бот для MAX и TG + интеграция платёжной системы,50 000-150 000 руб.,92,красный океан,24,4 167,"Брать только как управляемый процесс: аудит, схема, один сценарий, тесты, затем оценка. Сырье: крупный AI-бот высокий спрос","Предлагать только первый этап: платный разбор, схема, вопросы, оценка. Не обещать волшебного бота. Сначала карта процесса, входы, CRM, статусы, прототип одного сценария.","Здравствуйте. Могу взять, но сначала зафиксирую границы, чтобы не продать вам туман. По запросу ""AI бот для MAX и TG + интеграция платёжной системы"" я бы начал с короткого разбора: Не обещать волшебного бота. Сначала карта процесса, входы, CRM, статусы, прототип одного сценария. На выходе дам проверяемый результат: Схема процесса, тестовый сценарий, таблица проверок, короткий Codex-промпт. Для точной оценки пришлите: каналы заявок, CRM, 5-10 примеров, желаемый статус, ограничения доступов.","Схема процесса, тестовый сценарий, таблица проверок, короткий Codex-промпт.",средний,живой слой,https://kwork.ru/projects/3197238,
78,60,TAKE_TEST,Настя,аккаунт Насти,"сайт, WordPress, SEO",Фото и описания для карточек товаров,6 000 руб.,6,средняя,5,1 200,"Не конкурировать с разработчиками по всему сайту. Брать размещение, структуру, карточки, SEO-поля и мелкие правки. Сырье: Товарные карточки, фото, описания, прайс","Попросить доступ, пример готовой страницы, текст, изображения, SEO-title, description.","Здравствуйте. Могу разобрать задачу спокойно и по документам, без вида что все понятно по одному скрину. По запросу ""Фото и описания для карточек товаров"" я бы начал с короткого разбора: Попросить доступ, пример готовой страницы, текст, изображения, SEO-title, description. На выходе дам проверяемый результат: Демо пост WordPress: заголовки, картинка, CTA, SEO-поля, чек-лист публикации. Для точной оценки пришлите: доступ, пример страницы, текст, картинки, SEO-поля, запреты.","Демо пост WordPress: заголовки, картинка, CTA, SEO-поля, чек-лист публикации.",средний,старый реестр,spouse_kwork/assets/kwork_request_screenshots/05_product_photos_cards.png,ПРОВЕРИТЬ свежесть и источник
64,60,TAKE_FAST,Влад,аккаунт Влада,"ТЗ, структура, Гант",XMind схема по географии и путешествиям,5 000 руб.,10,средняя,4,1 250,"Влад может взять хаос и превратить в ТЗ, матрицу требований, вопросы, этапы и Гант без инженерной ответственности. Сырье: Структурирование, mind map, инструкция","Собрать исходные данные, ограничения, этапы, зависимости, вопросы и критерии приемки.","Здравствуйте. Могу взять, но сначала зафиксирую границы, чтобы не продать вам туман. По запросу ""XMind схема по географии и путешествиям"" я бы начал с короткого разбора: Собрать исходные данные, ограничения, этапы, зависимости, вопросы и критерии приемки. На выходе дам проверяемый результат: Матрица требований, Гант, список вопросов исполнителю, критерии приемки. Для точной оценки пришлите: цель, текущие материалы, сроки, бюджет, ограничения, кто принимает.","Матрица требований, Гант, список вопросов исполнителю, критерии приемки.",низкий,старый реестр,spouse_kwork/assets/kwork_request_screenshots/08_xmind_geography_travel.png,ПРОВЕРИТЬ свежесть и источник
52,60,TAKE_WITH_BOUNDARY,Настя,аккаунт Насти,"Документы, договоры, заявки",Спор с банком или МФО для ИП/ООО,5 000 руб.,13,средняя,5,1 000,"Сильная зона Насти: договоры поставки, ИТ-договоры, протоколы разногласий, трехсторонние договоры, УФАС, МСП, АНО. Сырье: Договор, начисления, позиция, таблица спора","Разобрать документы в таблицу: пункт, риск, что просим заменить, почему, что спросить до подписи.","Здравствуйте. Могу разобрать задачу спокойно и по документам, без вида что все понятно по одному скрину. По запросу ""Спор с банком или МФО для ИП/ООО"" я бы начал с короткого разбора: Разобрать документы в таблицу: пункт, риск, что просим заменить, почему, что спросить до подписи. На выходе дам проверяемый результат: Протокол разногласий и таблица рисков по обезличенному договору. Для точной оценки пришлите: договор, приложения, счет, акт, цель правки, красные пункты.",Протокол разногласий и таблица рисков по обезличенному договору.,средний,старый реестр,spouse_kwork/assets/kwork_request_screenshots/15_bank_mfo_legal_dispute.png,ПРОВЕРИТЬ свежесть и источник
79,60,LOSE_LOW_CHECK,Настя,аккаунт Насти,"сайт, WordPress, SEO",Разместить 10 готовых статей на WordPress,1 000 руб.,14,средняя,3,333,"Не конкурировать с разработчиками по всему сайту. Брать размещение, структуру, карточки, SEO-поля и мелкие правки. Сырье: Задача понятна, но цена слабая","Попросить доступ, пример готовой страницы, текст, изображения, SEO-title, description.","Здравствуйте. Могу разобрать задачу спокойно и по документам, без вида что все понятно по одному скрину. По запросу ""Разместить 10 готовых статей на WordPress"" я бы начал с короткого разбора: Попросить доступ, пример готовой страницы, текст, изображения, SEO-title, description. На выходе дам проверяемый результат: Демо пост WordPress: заголовки, картинка, CTA, SEO-поля, чек-лист публикации. Для точной оценки пришлите: доступ, пример страницы, текст, картинки, SEO-поля, запреты.","Демо пост WordPress: заголовки, картинка, CTA, SEO-поля, чек-лист публикации.",высокий,старый реестр,spouse_kwork/assets/kwork_request_screenshots/11_wordpress_articles.png,ПРОВЕРИТЬ свежесть и источник
62,60,LOSE_LOW_CHECK,Влад,аккаунт Влада,Смешанные бизнес-задачи,Промпт для Gemini,1 000 руб.,16,средняя,2,500,"Нужна ручная проверка, потому что направление не попало в главный канон. Сырье: Промпты есть, но чек слишком низкий и конкуренция высокая","Сначала уточнить объем, результат, приемку, срок и доступы.","Здравствуйте. Могу взять, но сначала зафиксирую границы, чтобы не продать вам туман. По запросу ""Промпт для Gemini"" я бы начал с короткого разбора: Сначала уточнить объем, результат, приемку, срок и доступы. На выходе дам проверяемый результат: Один обезличенный пример результата. Для точной оценки пришлите: исходные данные, пример результата, срок, критерии приемки.",Один обезличенный пример результата.,высокий,старый реестр,spouse_kwork/assets/kwork_request_screenshots/09_gemini_prompt.png,ПРОВЕРИТЬ свежесть и источник
72,60,"брать, если есть формулы, сверка или автоматизация",Настя + Влад,"аккаунт Насти, Влад помогает с техникой",Excel и таблицы,Google Script для отправки писем с вложениями,3 000 руб.,17,средняя,3,1 000,"Брать не ручной ввод, а таблицы со смыслом: формулы, сводные, склейка файлов, контроль статусов, CRM, 1С, макросы или веб-хук. Сырье: Простая автоматизация, таблицы, файлы, письма | Простая автоматизация, таблицы, файлы, письма | buyer_orders=89; hire_percent=60; risk=Много предложений, нужен быстрый отклик; action=Дать короткий ответ: проверю структуру файлов, сделаю скрипт, тест, инструкцию","Попросить файл до, пример результата и правило расчета. Начинать с одного листа или 20 строк.","Здравствуйте. Могу разобрать задачу спокойно и по документам, без вида что все понятно по одному скрину. По запросу ""Google Script для отправки писем с вложениями"" я бы начал с короткого разбора: Попросить файл до, пример результата и правило расчета. Начинать с одного листа или 20 строк. На выходе дам проверяемый результат: Демо таблица: исходник, формулы, сводная, проверка ошибок, лист с инструкцией. Для точной оценки пришлите: исходные файлы, пример результата, правила расчета, частота обновления.","Демо таблица: исходник, формулы, сводная, проверка ошибок, лист с инструкцией.",низкий,старый реестр,https://kwork.ru/projects/2923776,ПРОВЕРИТЬ свежесть и источник
17,40,брать только с границами,Настя + Влад,"аккаунт Насти, Влад помогает с техникой",Маркетплейсы,Создание контента для маркетплейсов с помощью ИИ,5 000-15 000 руб.,96,красный океан,,,"Брать только данные и структуру: SKU, фото, карточки, описания, признаки товара, не дизайн ради дизайна. Сырье: красный океан ИИ-контент","Начать с 5-10 SKU, сверить фото, артикул, описание, характеристики и источник.","Здравствуйте. Могу разобрать задачу спокойно и по документам, без вида что все понятно по одному скрину. По запросу ""Создание контента для маркетплейсов с помощью ИИ"" я бы начал с короткого разбора: Начать с 5-10 SKU, сверить фото, артикул, описание, характеристики и источник. На выходе дам проверяемый результат: Таблица SKU: фото, артикул, описание, источник, статус, что не хватает. Для точной оценки пришлите: прайс, артикулы, сайт/папка фото, правила названий, площадка.","Таблица SKU: фото, артикул, описание, источник, статус, что не хватает.",средний,живой слой,https://kwork.ru/projects/3197828,
18,40,брать только с границами,Настя + Влад,"аккаунт Насти, Влад помогает с техникой",Маркетплейсы,Карточка товара,2 000-6 000 руб.,125,красный океан,,,"Брать только данные и структуру: SKU, фото, карточки, описания, признаки товара, не дизайн ради дизайна. Сырье: commodity 125 откликов","Начать с 5-10 SKU, сверить фото, артикул, описание, характеристики и источник.","Здравствуйте. Могу разобрать задачу спокойно и по документам, без вида что все понятно по одному скрину. По запросу ""Карточка товара"" я бы начал с короткого разбора: Начать с 5-10 SKU, сверить фото, артикул, описание, характеристики и источник. На выходе дам проверяемый результат: Таблица SKU: фото, артикул, описание, источник, статус, что не хватает. Для точной оценки пришлите: прайс, артикулы, сайт/папка фото, правила названий, площадка.","Таблица SKU: фото, артикул, описание, источник, статус, что не хватает.",средний,живой слой,https://kwork.ru/projects/3198518,
7,28,низкий приоритет,Влад,аккаунт Влада,"Python, парсинг, данные",Изучить скрипты Python и устранить ошибки,12 000-36 000 руб.,120,красный океан,8,3 000,"Хорошая зона Влада, если есть четкий источник, формат результата и допустимость сбора. Сырье: много откликов «почини скрипт» | Python, Telegram, API, debug - хорошее направление | buyer_orders=4; hire_percent=100; risk=Нужен доступ к коду и тестовой среде; action=Попросить репозиторий/архив, ошибку, .env.example без секретов, сценарий воспроизведения","Откликаться только если есть 10 минут и понятный объем. Начинать с MVP одного источника: CSV, лог ошибок, ограничения, затем масштабирование.","Здравствуйте. Могу взять, но сначала зафиксирую границы, чтобы не продать вам туман. По запросу ""Изучить скрипты Python и устранить ошибки"" я бы начал с короткого разбора: Начинать с MVP одного источника: CSV, лог ошибок, ограничения, затем масштабирование. На выходе дам проверяемый результат: Мини-парсер, CSV до/после, лог ошибок, README как запускать. Для точной оценки пришлите: источник, пример страницы, поля, частота, формат выгрузки, ограничения.","Мини-парсер, CSV до/после, лог ошибок, README как запускать.",средний,живой слой + старый реестр,https://kwork.ru/projects/3195831,
26,20,низкий приоритет,Влад,аккаунт Влада,"ИИ, боты, CRM",Создать телеграмм бот,500 руб.,87,красный океан,10,50,"Брать только как управляемый процесс: аудит, схема, один сценарий, тесты, затем оценка. Сырье: демпинг 500₽ 87 откликов","Откликаться только если есть 10 минут и понятный объем. Не обещать волшебного бота. Сначала карта процесса, входы, CRM, статусы, прототип одного сценария.","Здравствуйте. Могу взять, но сначала зафиксирую границы, чтобы не продать вам туман. По запросу ""Создать телеграмм бот"" я бы начал с короткого разбора: Не обещать волшебного бота. Сначала карта процесса, входы, CRM, статусы, прототип одного сценария. На выходе дам проверяемый результат: Схема процесса, тестовый сценарий, таблица проверок, короткий Codex-промпт. Для точной оценки пришлите: каналы заявок, CRM, 5-10 примеров, желаемый статус, ограничения доступов.","Схема процесса, тестовый сценарий, таблица проверок, короткий Codex-промпт.",средний,живой слой,https://kwork.ru/projects/3198201,
34,0,не брать ручной ввод,Настя + Влад,"аккаунт Насти, Влад помогает с техникой",Excel и таблицы,Перепечатать данные из рукописного журнала в Excel,1 000-3 000 руб.,121,красный океан,,,"Брать не ручной ввод, а таблицы со смыслом: формулы, сводные, склейка файлов, контроль статусов, CRM, 1С, макросы или веб-хук. Сырье: ручной ввод - не брать",Не откликаться. Оставить как антипример рынка.,"Здравствуйте. Могу разобрать задачу спокойно и по документам, без вида что все понятно по одному скрину. По запросу ""Перепечатать данные из рукописного журнала в Excel"" я бы начал с короткого разбора: Попросить файл до, пример результата и правило расчета. Начинать с одного листа или 20 строк. На выходе дам проверяемый результат: Демо таблица: исходник, формулы, сводная, проверка ошибок, лист с инструкцией. Для точной оценки пришлите: исходные файлы, пример результата, правила расчета, частота обновления.","Демо таблица: исходник, формулы, сводная, проверка ошибок, лист с инструкцией.",средний,живой слой,https://kwork.ru/projects/3198376,
35,0,не брать ручной ввод,Настя + Влад,"аккаунт Насти, Влад помогает с техникой",Excel и таблицы,PDF в Excel,2 500 руб.,327,красный океан,,,"Брать не ручной ввод, а таблицы со смыслом: формулы, сводные, склейка файлов, контроль статусов, CRM, 1С, макросы или веб-хук. Сырье: 327 откликов commodity",Не откликаться. Оставить как антипример рынка.,"Здравствуйте. Могу разобрать задачу спокойно и по документам, без вида что все понятно по одному скрину. По запросу ""PDF в Excel"" я бы начал с короткого разбора: Попросить файл до, пример результата и правило расчета. Начинать с одного листа или 20 строк. На выходе дам проверяемый результат: Демо таблица: исходник, формулы, сводная, проверка ошибок, лист с инструкцией. Для точной оценки пришлите: исходные файлы, пример результата, правила расчета, частота обновления.","Демо таблица: исходник, формулы, сводная, проверка ошибок, лист с инструкцией.",средний,живой слой,https://kwork.ru/projects/3198005,
