№,направление,аккаунт,короткий отклик,что спросить,что обещать,граница
1,"1С, учет, ОСВ, акты",Настя + Влад,"Здравствуйте. Могу разобрать задачу спокойно и по документам, без вида что все понятно по одному скрину. По запросу ""1С, учет, ОСВ, акты"" я бы начал с короткого разбора: Попросить выгрузку, период, счет, контрагента, версию 1С и проблему словами. Делать таблицу расхождений, не гадать по скриншоту. На выходе дам проверяемый результат: Обезличенная ОСВ 62, акт сверки, таблица кто кому сколько и по каким документам. Для точной оценки пришлите: выгрузка, период, счет, контрагент, версия 1С, что именно не сходится.","выгрузка, период, счет, контрагент, версия 1С, что именно не сходится","Обезличенная ОСВ 62, акт сверки, таблица кто кому сколько и по каким документам.","Фиксируем вход, выход, срок и критерии приемки до старта."
2,Excel и таблицы,Настя + Влад,"Здравствуйте. Могу разобрать задачу спокойно и по документам, без вида что все понятно по одному скрину. По запросу ""Excel и таблицы"" я бы начал с короткого разбора: Попросить файл до, пример результата и правило расчета. Начинать с одного листа или 20 строк. На выходе дам проверяемый результат: Демо таблица: исходник, формулы, сводная, проверка ошибок, лист с инструкцией. Для точной оценки пришлите: исходные файлы, пример результата, правила расчета, частота обновления.","исходные файлы, пример результата, правила расчета, частота обновления","Демо таблица: исходник, формулы, сводная, проверка ошибок, лист с инструкцией.","Сложные макросы, API и CRM только после аудита."
3,"Документы, договоры, заявки",Настя,"Здравствуйте. Могу разобрать задачу спокойно и по документам, без вида что все понятно по одному скрину. По запросу ""Документы, договоры, заявки"" я бы начал с короткого разбора: Разобрать документы в таблицу: пункт, риск, что просим заменить, почему, что спросить до подписи. На выходе дам проверяемый результат: Протокол разногласий и таблица рисков по обезличенному договору. Для точной оценки пришлите: договор, приложения, счет, акт, цель правки, красные пункты.","договор, приложения, счет, акт, цель правки, красные пункты",Протокол разногласий и таблица рисков по обезличенному договору.,"Не обещаем выигрыш, не называемся юристом под ключ, не используем чужую ЭЦП."
4,"бизнес-клиенты, КП, лиды",Влад,"Здравствуйте. Могу взять, но сначала зафиксирую границы, чтобы не продать вам туман. По запросу ""бизнес-клиенты, КП, лиды"" я бы начал с короткого разбора: Собрать ICP, тестовую базу 20 строк, источник, статус проверки и текст первого касания. На выходе дам проверяемый результат: Демо база 20 строк, структура КП, пример первого сообщения. Для точной оценки пришлите: кому продаем, география, запреты, признаки клиента, нужные контакты.","кому продаем, география, запреты, признаки клиента, нужные контакты","Демо база 20 строк, структура КП, пример первого сообщения.","Фиксируем вход, выход, срок и критерии приемки до старта."
5,"ИИ, боты, CRM",Влад,"Здравствуйте. Могу взять, но сначала зафиксирую границы, чтобы не продать вам туман. По запросу ""ИИ, боты, CRM"" я бы начал с короткого разбора: Не обещать волшебного бота. Сначала карта процесса, входы, CRM, статусы, прототип одного сценария. На выходе дам проверяемый результат: Схема процесса, тестовый сценарий, таблица проверок, короткий Codex-промпт. Для точной оценки пришлите: каналы заявок, CRM, 5-10 примеров, желаемый статус, ограничения доступов.","каналы заявок, CRM, 5-10 примеров, желаемый статус, ограничения доступов","Схема процесса, тестовый сценарий, таблица проверок, короткий Codex-промпт.","Не обещаем под ключ без разбора процесса, доступов и тестового сценария."
6,"Python, парсинг, данные",Влад,"Здравствуйте. Могу взять, но сначала зафиксирую границы, чтобы не продать вам туман. По запросу ""Python, парсинг, данные"" я бы начал с короткого разбора: Начинать с MVP одного источника: CSV, лог ошибок, ограничения, затем масштабирование. На выходе дам проверяемый результат: Мини-парсер, CSV до/после, лог ошибок, README как запускать. Для точной оценки пришлите: источник, пример страницы, поля, частота, формат выгрузки, ограничения.","источник, пример страницы, поля, частота, формат выгрузки, ограничения","Мини-парсер, CSV до/после, лог ошибок, README как запускать.",Не обещаем сбор с закрытых источников и вечную стабильность без поддержки.
7,"ТЗ, структура, Гант",Влад,"Здравствуйте. Могу взять, но сначала зафиксирую границы, чтобы не продать вам туман. По запросу ""ТЗ, структура, Гант"" я бы начал с короткого разбора: Собрать исходные данные, ограничения, этапы, зависимости, вопросы и критерии приемки. На выходе дам проверяемый результат: Матрица требований, Гант, список вопросов исполнителю, критерии приемки. Для точной оценки пришлите: цель, текущие материалы, сроки, бюджет, ограничения, кто принимает.","цель, текущие материалы, сроки, бюджет, ограничения, кто принимает","Матрица требований, Гант, список вопросов исполнителю, критерии приемки.","Не берем инженерную ответственность, собираем структуру и вопросы."
8,"сайт, WordPress, SEO",Настя,"Здравствуйте. Могу разобрать задачу спокойно и по документам, без вида что все понятно по одному скрину. По запросу ""сайт, WordPress, SEO"" я бы начал с короткого разбора: Попросить доступ, пример готовой страницы, текст, изображения, SEO-title, description. На выходе дам проверяемый результат: Демо пост WordPress: заголовки, картинка, CTA, SEO-поля, чек-лист публикации. Для точной оценки пришлите: доступ, пример страницы, текст, картинки, SEO-поля, запреты.","доступ, пример страницы, текст, картинки, SEO-поля, запреты","Демо пост WordPress: заголовки, картинка, CTA, SEO-поля, чек-лист публикации.","Фиксируем вход, выход, срок и критерии приемки до старта."
9,Маркетплейсы,Настя + Влад,"Здравствуйте. Могу разобрать задачу спокойно и по документам, без вида что все понятно по одному скрину. По запросу ""Маркетплейсы"" я бы начал с короткого разбора: Начать с 5-10 SKU, сверить фото, артикул, описание, характеристики и источник. На выходе дам проверяемый результат: Таблица SKU: фото, артикул, описание, источник, статус, что не хватает. Для точной оценки пришлите: прайс, артикулы, сайт/папка фото, правила названий, площадка.","прайс, артикулы, сайт/папка фото, правила названий, площадка","Таблица SKU: фото, артикул, описание, источник, статус, что не хватает.","Фиксируем вход, выход, срок и критерии приемки до старта."
