row_id,source_file,source_kind,card_id,account,title,direction,category,entry_price,status,canon_action,short_offer
1,spouse_kwork/05_KWORK_FULL_COPY_CARDS_RU.md,markdown_cards,Nastya-1,Nastya,"Бухгалтерские таблицы, ОСВ, акты сверки","1С, учет, ОСВ, акты",,,needs_canon_rewrite,rebuild into canon if selected,
2,spouse_kwork/05_KWORK_FULL_COPY_CARDS_RU.md,markdown_cards,Nastya-2,Nastya,Заголовок,Прочее,,,needs_canon_rewrite,rebuild into canon if selected,
3,spouse_kwork/05_KWORK_FULL_COPY_CARDS_RU.md,markdown_cards,Nastya-3,Nastya,Категория,Прочее,,,needs_canon_rewrite,rebuild into canon if selected,
4,spouse_kwork/05_KWORK_FULL_COPY_CARDS_RU.md,markdown_cards,Nastya-4,Nastya,Описание,Прочее,,,needs_canon_rewrite,rebuild into canon if selected,
5,spouse_kwork/05_KWORK_FULL_COPY_CARDS_RU.md,markdown_cards,Nastya-5,Nastya,Пакеты,Прочее,,,needs_canon_rewrite,rebuild into canon if selected,
6,spouse_kwork/05_KWORK_FULL_COPY_CARDS_RU.md,markdown_cards,Nastya-6,Nastya,Дополнительные опции,Прочее,,,needs_canon_rewrite,rebuild into canon if selected,
7,spouse_kwork/05_KWORK_FULL_COPY_CARDS_RU.md,markdown_cards,Nastya-7,Nastya,Что нужно от клиента,Прочее,,,needs_canon_rewrite,rebuild into canon if selected,
8,spouse_kwork/05_KWORK_FULL_COPY_CARDS_RU.md,markdown_cards,Nastya-8,Nastya,Теги,Прочее,,,needs_canon_rewrite,rebuild into canon if selected,
9,spouse_kwork/05_KWORK_FULL_COPY_CARDS_RU.md,markdown_cards,Nastya-9,Nastya,Частые вопросы,Прочее,,,needs_canon_rewrite,rebuild into canon if selected,
10,spouse_kwork/05_KWORK_FULL_COPY_CARDS_RU.md,markdown_cards,Nastya-10,Nastya,Вопрос 1,Прочее,,,needs_canon_rewrite,rebuild into canon if selected,
11,spouse_kwork/05_KWORK_FULL_COPY_CARDS_RU.md,markdown_cards,Nastya-11,Nastya,Ответ 1,Прочее,,,needs_canon_rewrite,rebuild into canon if selected,
12,spouse_kwork/05_KWORK_FULL_COPY_CARDS_RU.md,markdown_cards,Nastya-12,Nastya,Вопрос 2,Прочее,,,needs_canon_rewrite,rebuild into canon if selected,
13,spouse_kwork/05_KWORK_FULL_COPY_CARDS_RU.md,markdown_cards,Nastya-13,Nastya,Ответ 2,Прочее,,,needs_canon_rewrite,rebuild into canon if selected,
14,spouse_kwork/05_KWORK_FULL_COPY_CARDS_RU.md,markdown_cards,Nastya-14,Nastya,Вопрос 3,Прочее,,,needs_canon_rewrite,rebuild into canon if selected,
15,spouse_kwork/05_KWORK_FULL_COPY_CARDS_RU.md,markdown_cards,Nastya-15,Nastya,Ответ 3,Прочее,,,needs_canon_rewrite,rebuild into canon if selected,
16,spouse_kwork/05_KWORK_FULL_COPY_CARDS_RU.md,markdown_cards,Nastya-16,Nastya,Вопрос 4,Прочее,,,needs_canon_rewrite,rebuild into canon if selected,
17,spouse_kwork/05_KWORK_FULL_COPY_CARDS_RU.md,markdown_cards,Nastya-17,Nastya,Ответ 4,Прочее,,,needs_canon_rewrite,rebuild into canon if selected,
18,spouse_kwork/05_KWORK_FULL_COPY_CARDS_RU.md,markdown_cards,Nastya-18,Nastya,Вопрос 5,Прочее,,,needs_canon_rewrite,rebuild into canon if selected,
19,spouse_kwork/05_KWORK_FULL_COPY_CARDS_RU.md,markdown_cards,Nastya-19,Nastya,Ответ 5,Прочее,,,needs_canon_rewrite,rebuild into canon if selected,
20,spouse_kwork/05_KWORK_FULL_COPY_CARDS_RU.md,markdown_cards,Nastya-2,Nastya,"Статистика, теория вероятностей, факторный анализ",Прочее,,,needs_canon_rewrite,rebuild into canon if selected,
21,spouse_kwork/05_KWORK_FULL_COPY_CARDS_RU.md,markdown_cards,Nastya-21,Nastya,Заголовок,Прочее,,,needs_canon_rewrite,rebuild into canon if selected,
22,spouse_kwork/05_KWORK_FULL_COPY_CARDS_RU.md,markdown_cards,Nastya-22,Nastya,Категория,Прочее,,,needs_canon_rewrite,rebuild into canon if selected,
23,spouse_kwork/05_KWORK_FULL_COPY_CARDS_RU.md,markdown_cards,Nastya-23,Nastya,Описание,Прочее,,,needs_canon_rewrite,rebuild into canon if selected,
24,spouse_kwork/05_KWORK_FULL_COPY_CARDS_RU.md,markdown_cards,Nastya-24,Nastya,Пакеты,Прочее,,,needs_canon_rewrite,rebuild into canon if selected,
25,spouse_kwork/05_KWORK_FULL_COPY_CARDS_RU.md,markdown_cards,Nastya-25,Nastya,Дополнительные опции,Прочее,,,needs_canon_rewrite,rebuild into canon if selected,
26,spouse_kwork/05_KWORK_FULL_COPY_CARDS_RU.md,markdown_cards,Nastya-26,Nastya,Что нужно от клиента,Прочее,,,needs_canon_rewrite,rebuild into canon if selected,
27,spouse_kwork/05_KWORK_FULL_COPY_CARDS_RU.md,markdown_cards,Nastya-27,Nastya,Теги,Прочее,,,needs_canon_rewrite,rebuild into canon if selected,
28,spouse_kwork/05_KWORK_FULL_COPY_CARDS_RU.md,markdown_cards,Nastya-28,Nastya,Частые вопросы,Прочее,,,needs_canon_rewrite,rebuild into canon if selected,
29,spouse_kwork/05_KWORK_FULL_COPY_CARDS_RU.md,markdown_cards,Nastya-29,Nastya,Вопрос 1,Прочее,,,needs_canon_rewrite,rebuild into canon if selected,
30,spouse_kwork/05_KWORK_FULL_COPY_CARDS_RU.md,markdown_cards,Nastya-30,Nastya,Ответ 1,Прочее,,,needs_canon_rewrite,rebuild into canon if selected,
31,spouse_kwork/05_KWORK_FULL_COPY_CARDS_RU.md,markdown_cards,Nastya-31,Nastya,Вопрос 2,Прочее,,,needs_canon_rewrite,rebuild into canon if selected,
32,spouse_kwork/05_KWORK_FULL_COPY_CARDS_RU.md,markdown_cards,Nastya-32,Nastya,Ответ 2,Прочее,,,needs_canon_rewrite,rebuild into canon if selected,
33,spouse_kwork/05_KWORK_FULL_COPY_CARDS_RU.md,markdown_cards,Nastya-33,Nastya,Вопрос 3,Прочее,,,needs_canon_rewrite,rebuild into canon if selected,
34,spouse_kwork/05_KWORK_FULL_COPY_CARDS_RU.md,markdown_cards,Nastya-34,Nastya,Ответ 3,Прочее,,,needs_canon_rewrite,rebuild into canon if selected,
35,spouse_kwork/05_KWORK_FULL_COPY_CARDS_RU.md,markdown_cards,Nastya-35,Nastya,Вопрос 4,Прочее,,,needs_canon_rewrite,rebuild into canon if selected,
36,spouse_kwork/05_KWORK_FULL_COPY_CARDS_RU.md,markdown_cards,Nastya-36,Nastya,Ответ 4,Прочее,,,needs_canon_rewrite,rebuild into canon if selected,
37,spouse_kwork/05_KWORK_FULL_COPY_CARDS_RU.md,markdown_cards,Nastya-37,Nastya,Вопрос 5,Прочее,,,needs_canon_rewrite,rebuild into canon if selected,
38,spouse_kwork/05_KWORK_FULL_COPY_CARDS_RU.md,markdown_cards,Nastya-38,Nastya,Ответ 5,Прочее,,,needs_canon_rewrite,rebuild into canon if selected,
39,spouse_kwork/05_KWORK_FULL_COPY_CARDS_RU.md,markdown_cards,Nastya-3,Nastya,Банковское дело,Прочее,,,needs_canon_rewrite,rebuild into canon if selected,
40,spouse_kwork/05_KWORK_FULL_COPY_CARDS_RU.md,markdown_cards,Nastya-40,Nastya,Заголовок,Прочее,,,needs_canon_rewrite,rebuild into canon if selected,
41,spouse_kwork/05_KWORK_FULL_COPY_CARDS_RU.md,markdown_cards,Nastya-41,Nastya,Категория,Прочее,,,needs_canon_rewrite,rebuild into canon if selected,
42,spouse_kwork/05_KWORK_FULL_COPY_CARDS_RU.md,markdown_cards,Nastya-42,Nastya,Описание,Прочее,,,needs_canon_rewrite,rebuild into canon if selected,
43,spouse_kwork/05_KWORK_FULL_COPY_CARDS_RU.md,markdown_cards,Nastya-43,Nastya,Пакеты,Прочее,,,needs_canon_rewrite,rebuild into canon if selected,
44,spouse_kwork/05_KWORK_FULL_COPY_CARDS_RU.md,markdown_cards,Nastya-44,Nastya,Дополнительные опции,Прочее,,,needs_canon_rewrite,rebuild into canon if selected,
45,spouse_kwork/05_KWORK_FULL_COPY_CARDS_RU.md,markdown_cards,Nastya-45,Nastya,Что нужно от клиента,Прочее,,,needs_canon_rewrite,rebuild into canon if selected,
46,spouse_kwork/05_KWORK_FULL_COPY_CARDS_RU.md,markdown_cards,Nastya-46,Nastya,Теги,Прочее,,,needs_canon_rewrite,rebuild into canon if selected,
47,spouse_kwork/05_KWORK_FULL_COPY_CARDS_RU.md,markdown_cards,Nastya-47,Nastya,Частые вопросы,Прочее,,,needs_canon_rewrite,rebuild into canon if selected,
48,spouse_kwork/05_KWORK_FULL_COPY_CARDS_RU.md,markdown_cards,Nastya-48,Nastya,Вопрос 1,Прочее,,,needs_canon_rewrite,rebuild into canon if selected,
49,spouse_kwork/05_KWORK_FULL_COPY_CARDS_RU.md,markdown_cards,Nastya-49,Nastya,Ответ 1,Прочее,,,needs_canon_rewrite,rebuild into canon if selected,
50,spouse_kwork/05_KWORK_FULL_COPY_CARDS_RU.md,markdown_cards,Nastya-50,Nastya,Вопрос 2,Прочее,,,needs_canon_rewrite,rebuild into canon if selected,
51,spouse_kwork/05_KWORK_FULL_COPY_CARDS_RU.md,markdown_cards,Nastya-51,Nastya,Ответ 2,Прочее,,,needs_canon_rewrite,rebuild into canon if selected,
52,spouse_kwork/05_KWORK_FULL_COPY_CARDS_RU.md,markdown_cards,Nastya-52,Nastya,Вопрос 3,Прочее,,,needs_canon_rewrite,rebuild into canon if selected,
53,spouse_kwork/05_KWORK_FULL_COPY_CARDS_RU.md,markdown_cards,Nastya-53,Nastya,Ответ 3,Прочее,,,needs_canon_rewrite,rebuild into canon if selected,
54,spouse_kwork/05_KWORK_FULL_COPY_CARDS_RU.md,markdown_cards,Nastya-54,Nastya,Вопрос 4,Прочее,,,needs_canon_rewrite,rebuild into canon if selected,
55,spouse_kwork/05_KWORK_FULL_COPY_CARDS_RU.md,markdown_cards,Nastya-55,Nastya,Ответ 4,Прочее,,,needs_canon_rewrite,rebuild into canon if selected,
56,spouse_kwork/05_KWORK_FULL_COPY_CARDS_RU.md,markdown_cards,Nastya-56,Nastya,Вопрос 5,Прочее,,,needs_canon_rewrite,rebuild into canon if selected,
57,spouse_kwork/05_KWORK_FULL_COPY_CARDS_RU.md,markdown_cards,Nastya-57,Nastya,Ответ 5,Прочее,,,needs_canon_rewrite,rebuild into canon if selected,
58,spouse_kwork/05_KWORK_FULL_COPY_CARDS_RU.md,markdown_cards,Nastya-4,Nastya,"Базы данных, Python, React для простых задач",Прочее,,,needs_canon_rewrite,rebuild into canon if selected,
59,spouse_kwork/05_KWORK_FULL_COPY_CARDS_RU.md,markdown_cards,Nastya-59,Nastya,Заголовок,Прочее,,,needs_canon_rewrite,rebuild into canon if selected,
60,spouse_kwork/05_KWORK_FULL_COPY_CARDS_RU.md,markdown_cards,Nastya-60,Nastya,Категория,Прочее,,,needs_canon_rewrite,rebuild into canon if selected,
61,spouse_kwork/05_KWORK_FULL_COPY_CARDS_RU.md,markdown_cards,Nastya-61,Nastya,Описание,Прочее,,,needs_canon_rewrite,rebuild into canon if selected,
62,spouse_kwork/05_KWORK_FULL_COPY_CARDS_RU.md,markdown_cards,Nastya-62,Nastya,Пакеты,Прочее,,,needs_canon_rewrite,rebuild into canon if selected,
63,spouse_kwork/05_KWORK_FULL_COPY_CARDS_RU.md,markdown_cards,Nastya-63,Nastya,Дополнительные опции,Прочее,,,needs_canon_rewrite,rebuild into canon if selected,
64,spouse_kwork/05_KWORK_FULL_COPY_CARDS_RU.md,markdown_cards,Nastya-64,Nastya,Что нужно от клиента,Прочее,,,needs_canon_rewrite,rebuild into canon if selected,
65,spouse_kwork/05_KWORK_FULL_COPY_CARDS_RU.md,markdown_cards,Nastya-65,Nastya,Теги,Прочее,,,needs_canon_rewrite,rebuild into canon if selected,
66,spouse_kwork/05_KWORK_FULL_COPY_CARDS_RU.md,markdown_cards,Nastya-66,Nastya,Частые вопросы,Прочее,,,needs_canon_rewrite,rebuild into canon if selected,
67,spouse_kwork/05_KWORK_FULL_COPY_CARDS_RU.md,markdown_cards,Nastya-67,Nastya,Вопрос 1,Прочее,,,needs_canon_rewrite,rebuild into canon if selected,
68,spouse_kwork/05_KWORK_FULL_COPY_CARDS_RU.md,markdown_cards,Nastya-68,Nastya,Ответ 1,Прочее,,,needs_canon_rewrite,rebuild into canon if selected,
69,spouse_kwork/05_KWORK_FULL_COPY_CARDS_RU.md,markdown_cards,Nastya-69,Nastya,Вопрос 2,Прочее,,,needs_canon_rewrite,rebuild into canon if selected,
70,spouse_kwork/05_KWORK_FULL_COPY_CARDS_RU.md,markdown_cards,Nastya-70,Nastya,Ответ 2,Прочее,,,needs_canon_rewrite,rebuild into canon if selected,
71,spouse_kwork/05_KWORK_FULL_COPY_CARDS_RU.md,markdown_cards,Nastya-71,Nastya,Вопрос 3,Прочее,,,needs_canon_rewrite,rebuild into canon if selected,
72,spouse_kwork/05_KWORK_FULL_COPY_CARDS_RU.md,markdown_cards,Nastya-72,Nastya,Ответ 3,Прочее,,,needs_canon_rewrite,rebuild into canon if selected,
73,spouse_kwork/05_KWORK_FULL_COPY_CARDS_RU.md,markdown_cards,Nastya-73,Nastya,Вопрос 4,Прочее,,,needs_canon_rewrite,rebuild into canon if selected,
74,spouse_kwork/05_KWORK_FULL_COPY_CARDS_RU.md,markdown_cards,Nastya-74,Nastya,Ответ 4,Прочее,,,needs_canon_rewrite,rebuild into canon if selected,
75,spouse_kwork/05_KWORK_FULL_COPY_CARDS_RU.md,markdown_cards,Nastya-75,Nastya,Вопрос 5,Прочее,,,needs_canon_rewrite,rebuild into canon if selected,
76,spouse_kwork/05_KWORK_FULL_COPY_CARDS_RU.md,markdown_cards,Nastya-76,Nastya,Ответ 5,Прочее,,,needs_canon_rewrite,rebuild into canon if selected,
77,spouse_kwork/05_KWORK_FULL_COPY_CARDS_RU.md,markdown_cards,Nastya-5,Nastya,"Excel, формулы, сводные, макросы, CRM",Прочее,,,needs_canon_rewrite,rebuild into canon if selected,
78,spouse_kwork/05_KWORK_FULL_COPY_CARDS_RU.md,markdown_cards,Nastya-78,Nastya,Заголовок,Прочее,,,needs_canon_rewrite,rebuild into canon if selected,
79,spouse_kwork/05_KWORK_FULL_COPY_CARDS_RU.md,markdown_cards,Nastya-79,Nastya,Категория,Прочее,,,needs_canon_rewrite,rebuild into canon if selected,
80,spouse_kwork/05_KWORK_FULL_COPY_CARDS_RU.md,markdown_cards,Nastya-80,Nastya,Описание,Прочее,,,needs_canon_rewrite,rebuild into canon if selected,
81,spouse_kwork/05_KWORK_FULL_COPY_CARDS_RU.md,markdown_cards,Nastya-81,Nastya,Пакеты,Прочее,,,needs_canon_rewrite,rebuild into canon if selected,
82,spouse_kwork/05_KWORK_FULL_COPY_CARDS_RU.md,markdown_cards,Nastya-82,Nastya,Дополнительные опции,Прочее,,,needs_canon_rewrite,rebuild into canon if selected,
83,spouse_kwork/05_KWORK_FULL_COPY_CARDS_RU.md,markdown_cards,Nastya-83,Nastya,Что нужно от клиента,Прочее,,,needs_canon_rewrite,rebuild into canon if selected,
84,spouse_kwork/05_KWORK_FULL_COPY_CARDS_RU.md,markdown_cards,Nastya-84,Nastya,Теги,Прочее,,,needs_canon_rewrite,rebuild into canon if selected,
85,spouse_kwork/05_KWORK_FULL_COPY_CARDS_RU.md,markdown_cards,Nastya-85,Nastya,Частые вопросы,Прочее,,,needs_canon_rewrite,rebuild into canon if selected,
86,spouse_kwork/05_KWORK_FULL_COPY_CARDS_RU.md,markdown_cards,Nastya-86,Nastya,Вопрос 1,Прочее,,,needs_canon_rewrite,rebuild into canon if selected,
87,spouse_kwork/05_KWORK_FULL_COPY_CARDS_RU.md,markdown_cards,Nastya-87,Nastya,Ответ 1,Прочее,,,needs_canon_rewrite,rebuild into canon if selected,
88,spouse_kwork/05_KWORK_FULL_COPY_CARDS_RU.md,markdown_cards,Nastya-88,Nastya,Вопрос 2,Прочее,,,needs_canon_rewrite,rebuild into canon if selected,
89,spouse_kwork/05_KWORK_FULL_COPY_CARDS_RU.md,markdown_cards,Nastya-89,Nastya,Ответ 2,Прочее,,,needs_canon_rewrite,rebuild into canon if selected,
90,spouse_kwork/05_KWORK_FULL_COPY_CARDS_RU.md,markdown_cards,Nastya-90,Nastya,Вопрос 3,Прочее,,,needs_canon_rewrite,rebuild into canon if selected,
91,spouse_kwork/05_KWORK_FULL_COPY_CARDS_RU.md,markdown_cards,Nastya-91,Nastya,Ответ 3,Прочее,,,needs_canon_rewrite,rebuild into canon if selected,
92,spouse_kwork/05_KWORK_FULL_COPY_CARDS_RU.md,markdown_cards,Nastya-92,Nastya,Вопрос 4,Прочее,,,needs_canon_rewrite,rebuild into canon if selected,
93,spouse_kwork/05_KWORK_FULL_COPY_CARDS_RU.md,markdown_cards,Nastya-93,Nastya,Ответ 4,Прочее,,,needs_canon_rewrite,rebuild into canon if selected,
94,spouse_kwork/05_KWORK_FULL_COPY_CARDS_RU.md,markdown_cards,Nastya-94,Nastya,Вопрос 5,Прочее,,,needs_canon_rewrite,rebuild into canon if selected,
95,spouse_kwork/05_KWORK_FULL_COPY_CARDS_RU.md,markdown_cards,Nastya-95,Nastya,Ответ 5,Прочее,,,needs_canon_rewrite,rebuild into canon if selected,
96,spouse_kwork/05_KWORK_FULL_COPY_CARDS_RU.md,markdown_cards,Nastya-96,Nastya,Вопрос 6,Прочее,,,needs_canon_rewrite,rebuild into canon if selected,
97,spouse_kwork/05_KWORK_FULL_COPY_CARDS_RU.md,markdown_cards,Nastya-97,Nastya,Ответ 6,Прочее,,,needs_canon_rewrite,rebuild into canon if selected,
98,spouse_kwork/05_KWORK_FULL_COPY_CARDS_RU.md,markdown_cards,Nastya-6,Nastya,"Договоры, протоколы разногласий, УФАС, арбитражная логика",Прочее,,,needs_canon_rewrite,rebuild into canon if selected,
99,spouse_kwork/05_KWORK_FULL_COPY_CARDS_RU.md,markdown_cards,Nastya-99,Nastya,Заголовок,Прочее,,,needs_canon_rewrite,rebuild into canon if selected,
100,spouse_kwork/05_KWORK_FULL_COPY_CARDS_RU.md,markdown_cards,Nastya-100,Nastya,Категория,Прочее,,,needs_canon_rewrite,rebuild into canon if selected,
101,spouse_kwork/05_KWORK_FULL_COPY_CARDS_RU.md,markdown_cards,Nastya-101,Nastya,Описание,Прочее,,,needs_canon_rewrite,rebuild into canon if selected,
102,spouse_kwork/05_KWORK_FULL_COPY_CARDS_RU.md,markdown_cards,Nastya-102,Nastya,Пакеты,Прочее,,,needs_canon_rewrite,rebuild into canon if selected,
103,spouse_kwork/05_KWORK_FULL_COPY_CARDS_RU.md,markdown_cards,Nastya-103,Nastya,Дополнительные опции,Прочее,,,needs_canon_rewrite,rebuild into canon if selected,
104,spouse_kwork/05_KWORK_FULL_COPY_CARDS_RU.md,markdown_cards,Nastya-104,Nastya,Что нужно от клиента,Прочее,,,needs_canon_rewrite,rebuild into canon if selected,
105,spouse_kwork/05_KWORK_FULL_COPY_CARDS_RU.md,markdown_cards,Nastya-105,Nastya,Теги,Прочее,,,needs_canon_rewrite,rebuild into canon if selected,
106,spouse_kwork/05_KWORK_FULL_COPY_CARDS_RU.md,markdown_cards,Nastya-106,Nastya,Частые вопросы,Прочее,,,needs_canon_rewrite,rebuild into canon if selected,
107,spouse_kwork/05_KWORK_FULL_COPY_CARDS_RU.md,markdown_cards,Nastya-107,Nastya,Вопрос 1,Прочее,,,needs_canon_rewrite,rebuild into canon if selected,
108,spouse_kwork/05_KWORK_FULL_COPY_CARDS_RU.md,markdown_cards,Nastya-108,Nastya,Ответ 1,Прочее,,,needs_canon_rewrite,rebuild into canon if selected,
109,spouse_kwork/05_KWORK_FULL_COPY_CARDS_RU.md,markdown_cards,Nastya-109,Nastya,Вопрос 2,Прочее,,,needs_canon_rewrite,rebuild into canon if selected,
110,spouse_kwork/05_KWORK_FULL_COPY_CARDS_RU.md,markdown_cards,Nastya-110,Nastya,Ответ 2,Прочее,,,needs_canon_rewrite,rebuild into canon if selected,
111,spouse_kwork/05_KWORK_FULL_COPY_CARDS_RU.md,markdown_cards,Nastya-111,Nastya,Вопрос 3,Прочее,,,needs_canon_rewrite,rebuild into canon if selected,
112,spouse_kwork/05_KWORK_FULL_COPY_CARDS_RU.md,markdown_cards,Nastya-112,Nastya,Ответ 3,Прочее,,,needs_canon_rewrite,rebuild into canon if selected,
113,spouse_kwork/05_KWORK_FULL_COPY_CARDS_RU.md,markdown_cards,Nastya-113,Nastya,Вопрос 4,Прочее,,,needs_canon_rewrite,rebuild into canon if selected,
114,spouse_kwork/05_KWORK_FULL_COPY_CARDS_RU.md,markdown_cards,Nastya-114,Nastya,Ответ 4,Прочее,,,needs_canon_rewrite,rebuild into canon if selected,
115,spouse_kwork/05_KWORK_FULL_COPY_CARDS_RU.md,markdown_cards,Nastya-115,Nastya,Вопрос 5,Прочее,,,needs_canon_rewrite,rebuild into canon if selected,
116,spouse_kwork/05_KWORK_FULL_COPY_CARDS_RU.md,markdown_cards,Nastya-116,Nastya,Ответ 5,Прочее,,,needs_canon_rewrite,rebuild into canon if selected,
117,spouse_kwork/05_KWORK_FULL_COPY_CARDS_RU.md,markdown_cards,Nastya-117,Nastya,Вопрос 6,Прочее,,,needs_canon_rewrite,rebuild into canon if selected,
118,spouse_kwork/05_KWORK_FULL_COPY_CARDS_RU.md,markdown_cards,Nastya-118,Nastya,Ответ 6,Прочее,,,needs_canon_rewrite,rebuild into canon if selected,
119,spouse_kwork/05_KWORK_FULL_COPY_CARDS_RU.md,markdown_cards,Nastya-119,Nastya,Вопрос 7,Прочее,,,needs_canon_rewrite,rebuild into canon if selected,
120,spouse_kwork/05_KWORK_FULL_COPY_CARDS_RU.md,markdown_cards,Nastya-120,Nastya,Ответ 7,Прочее,,,needs_canon_rewrite,rebuild into canon if selected,
121,spouse_kwork/05_KWORK_FULL_COPY_CARDS_RU.md,markdown_cards,Nastya-121,Nastya,Вопрос 8,Прочее,,,needs_canon_rewrite,rebuild into canon if selected,
122,spouse_kwork/05_KWORK_FULL_COPY_CARDS_RU.md,markdown_cards,Nastya-122,Nastya,Ответ 8,Прочее,,,needs_canon_rewrite,rebuild into canon if selected,
123,spouse_kwork/05_KWORK_FULL_COPY_CARDS_RU.md,markdown_cards,Nastya-7,Nastya,"Тендеры, заявки, сертификация, пакеты документов",Прочее,,,needs_canon_rewrite,rebuild into canon if selected,
124,spouse_kwork/05_KWORK_FULL_COPY_CARDS_RU.md,markdown_cards,Nastya-124,Nastya,Заголовок,Прочее,,,needs_canon_rewrite,rebuild into canon if selected,
125,spouse_kwork/05_KWORK_FULL_COPY_CARDS_RU.md,markdown_cards,Nastya-125,Nastya,Категория,Прочее,,,needs_canon_rewrite,rebuild into canon if selected,
126,spouse_kwork/05_KWORK_FULL_COPY_CARDS_RU.md,markdown_cards,Nastya-126,Nastya,Описание,Прочее,,,needs_canon_rewrite,rebuild into canon if selected,
127,spouse_kwork/05_KWORK_FULL_COPY_CARDS_RU.md,markdown_cards,Nastya-127,Nastya,Пакеты,Прочее,,,needs_canon_rewrite,rebuild into canon if selected,
128,spouse_kwork/05_KWORK_FULL_COPY_CARDS_RU.md,markdown_cards,Nastya-128,Nastya,Дополнительные опции,Прочее,,,needs_canon_rewrite,rebuild into canon if selected,
129,spouse_kwork/05_KWORK_FULL_COPY_CARDS_RU.md,markdown_cards,Nastya-129,Nastya,Что нужно от клиента,Прочее,,,needs_canon_rewrite,rebuild into canon if selected,
130,spouse_kwork/05_KWORK_FULL_COPY_CARDS_RU.md,markdown_cards,Nastya-130,Nastya,Теги,Прочее,,,needs_canon_rewrite,rebuild into canon if selected,
131,spouse_kwork/05_KWORK_FULL_COPY_CARDS_RU.md,markdown_cards,Nastya-131,Nastya,Частые вопросы,Прочее,,,needs_canon_rewrite,rebuild into canon if selected,
132,spouse_kwork/05_KWORK_FULL_COPY_CARDS_RU.md,markdown_cards,Nastya-132,Nastya,Вопрос 1,Прочее,,,needs_canon_rewrite,rebuild into canon if selected,
133,spouse_kwork/05_KWORK_FULL_COPY_CARDS_RU.md,markdown_cards,Nastya-133,Nastya,Ответ 1,Прочее,,,needs_canon_rewrite,rebuild into canon if selected,
134,spouse_kwork/05_KWORK_FULL_COPY_CARDS_RU.md,markdown_cards,Nastya-134,Nastya,Вопрос 2,Прочее,,,needs_canon_rewrite,rebuild into canon if selected,
135,spouse_kwork/05_KWORK_FULL_COPY_CARDS_RU.md,markdown_cards,Nastya-135,Nastya,Ответ 2,Прочее,,,needs_canon_rewrite,rebuild into canon if selected,
136,spouse_kwork/05_KWORK_FULL_COPY_CARDS_RU.md,markdown_cards,Nastya-136,Nastya,Вопрос 3,Прочее,,,needs_canon_rewrite,rebuild into canon if selected,
137,spouse_kwork/05_KWORK_FULL_COPY_CARDS_RU.md,markdown_cards,Nastya-137,Nastya,Ответ 3,Прочее,,,needs_canon_rewrite,rebuild into canon if selected,
138,spouse_kwork/05_KWORK_FULL_COPY_CARDS_RU.md,markdown_cards,Nastya-138,Nastya,Вопрос 4,Прочее,,,needs_canon_rewrite,rebuild into canon if selected,
139,spouse_kwork/05_KWORK_FULL_COPY_CARDS_RU.md,markdown_cards,Nastya-139,Nastya,Ответ 4,Прочее,,,needs_canon_rewrite,rebuild into canon if selected,
140,spouse_kwork/05_KWORK_FULL_COPY_CARDS_RU.md,markdown_cards,Nastya-8,Nastya,"Карточки товаров, фото, описания, WordPress и SEO-публикации",Прочее,,,needs_canon_rewrite,rebuild into canon if selected,
141,spouse_kwork/05_KWORK_FULL_COPY_CARDS_RU.md,markdown_cards,Nastya-141,Nastya,Заголовок,Прочее,,,needs_canon_rewrite,rebuild into canon if selected,
142,spouse_kwork/05_KWORK_FULL_COPY_CARDS_RU.md,markdown_cards,Nastya-142,Nastya,Категория,Прочее,,,needs_canon_rewrite,rebuild into canon if selected,
143,spouse_kwork/05_KWORK_FULL_COPY_CARDS_RU.md,markdown_cards,Nastya-143,Nastya,Описание,Прочее,,,needs_canon_rewrite,rebuild into canon if selected,
144,spouse_kwork/05_KWORK_FULL_COPY_CARDS_RU.md,markdown_cards,Nastya-144,Nastya,Пакеты,Прочее,,,needs_canon_rewrite,rebuild into canon if selected,
145,spouse_kwork/05_KWORK_FULL_COPY_CARDS_RU.md,markdown_cards,Nastya-145,Nastya,Дополнительные опции,Прочее,,,needs_canon_rewrite,rebuild into canon if selected,
146,spouse_kwork/05_KWORK_FULL_COPY_CARDS_RU.md,markdown_cards,Nastya-146,Nastya,Что нужно от клиента,Прочее,,,needs_canon_rewrite,rebuild into canon if selected,
147,spouse_kwork/05_KWORK_FULL_COPY_CARDS_RU.md,markdown_cards,Nastya-147,Nastya,Теги,Прочее,,,needs_canon_rewrite,rebuild into canon if selected,
148,spouse_kwork/05_KWORK_FULL_COPY_CARDS_RU.md,markdown_cards,Nastya-148,Nastya,Частые вопросы,Прочее,,,needs_canon_rewrite,rebuild into canon if selected,
149,spouse_kwork/05_KWORK_FULL_COPY_CARDS_RU.md,markdown_cards,Nastya-149,Nastya,Вопрос 1,Прочее,,,needs_canon_rewrite,rebuild into canon if selected,
150,spouse_kwork/05_KWORK_FULL_COPY_CARDS_RU.md,markdown_cards,Nastya-150,Nastya,Ответ 1,Прочее,,,needs_canon_rewrite,rebuild into canon if selected,
151,spouse_kwork/05_KWORK_FULL_COPY_CARDS_RU.md,markdown_cards,Nastya-151,Nastya,Вопрос 2,Прочее,,,needs_canon_rewrite,rebuild into canon if selected,
152,spouse_kwork/05_KWORK_FULL_COPY_CARDS_RU.md,markdown_cards,Nastya-152,Nastya,Ответ 2,Прочее,,,needs_canon_rewrite,rebuild into canon if selected,
153,spouse_kwork/05_KWORK_FULL_COPY_CARDS_RU.md,markdown_cards,Nastya-153,Nastya,Вопрос 3,Прочее,,,needs_canon_rewrite,rebuild into canon if selected,
154,spouse_kwork/05_KWORK_FULL_COPY_CARDS_RU.md,markdown_cards,Nastya-154,Nastya,Ответ 3,Прочее,,,needs_canon_rewrite,rebuild into canon if selected,
155,spouse_kwork/05_KWORK_FULL_COPY_CARDS_RU.md,markdown_cards,Nastya-9,Nastya,"Поиск клиентов, B2B-лиды и база для CRM",Прочее,,,needs_canon_rewrite,rebuild into canon if selected,
156,spouse_kwork/05_KWORK_FULL_COPY_CARDS_RU.md,markdown_cards,Nastya-156,Nastya,Заголовок,Прочее,,,needs_canon_rewrite,rebuild into canon if selected,
157,spouse_kwork/05_KWORK_FULL_COPY_CARDS_RU.md,markdown_cards,Nastya-157,Nastya,Категория,Прочее,,,needs_canon_rewrite,rebuild into canon if selected,
158,spouse_kwork/05_KWORK_FULL_COPY_CARDS_RU.md,markdown_cards,Nastya-158,Nastya,Описание,Прочее,,,needs_canon_rewrite,rebuild into canon if selected,
159,spouse_kwork/05_KWORK_FULL_COPY_CARDS_RU.md,markdown_cards,Nastya-159,Nastya,Пакеты,Прочее,,,needs_canon_rewrite,rebuild into canon if selected,
160,spouse_kwork/05_KWORK_FULL_COPY_CARDS_RU.md,markdown_cards,Nastya-160,Nastya,Дополнительные опции,Прочее,,,needs_canon_rewrite,rebuild into canon if selected,
161,spouse_kwork/05_KWORK_FULL_COPY_CARDS_RU.md,markdown_cards,Nastya-161,Nastya,Что нужно от клиента,Прочее,,,needs_canon_rewrite,rebuild into canon if selected,
162,spouse_kwork/05_KWORK_FULL_COPY_CARDS_RU.md,markdown_cards,Nastya-162,Nastya,Теги,Прочее,,,needs_canon_rewrite,rebuild into canon if selected,
163,spouse_kwork/05_KWORK_FULL_COPY_CARDS_RU.md,markdown_cards,Nastya-163,Nastya,Частые вопросы,Прочее,,,needs_canon_rewrite,rebuild into canon if selected,
164,spouse_kwork/05_KWORK_FULL_COPY_CARDS_RU.md,markdown_cards,Nastya-164,Nastya,Вопрос 1,Прочее,,,needs_canon_rewrite,rebuild into canon if selected,
165,spouse_kwork/05_KWORK_FULL_COPY_CARDS_RU.md,markdown_cards,Nastya-165,Nastya,Ответ 1,Прочее,,,needs_canon_rewrite,rebuild into canon if selected,
166,spouse_kwork/05_KWORK_FULL_COPY_CARDS_RU.md,markdown_cards,Nastya-166,Nastya,Вопрос 2,Прочее,,,needs_canon_rewrite,rebuild into canon if selected,
167,spouse_kwork/05_KWORK_FULL_COPY_CARDS_RU.md,markdown_cards,Nastya-167,Nastya,Ответ 2,Прочее,,,needs_canon_rewrite,rebuild into canon if selected,
168,spouse_kwork/05_KWORK_FULL_COPY_CARDS_RU.md,markdown_cards,Nastya-10,Nastya,"Структура, ТЗ, mind map, инструкции и промпты для ИИ",Прочее,,,needs_canon_rewrite,rebuild into canon if selected,
169,spouse_kwork/05_KWORK_FULL_COPY_CARDS_RU.md,markdown_cards,Nastya-169,Nastya,Заголовок,Прочее,,,needs_canon_rewrite,rebuild into canon if selected,
170,spouse_kwork/05_KWORK_FULL_COPY_CARDS_RU.md,markdown_cards,Nastya-170,Nastya,Категория,Прочее,,,needs_canon_rewrite,rebuild into canon if selected,
171,spouse_kwork/05_KWORK_FULL_COPY_CARDS_RU.md,markdown_cards,Nastya-171,Nastya,Описание,Прочее,,,needs_canon_rewrite,rebuild into canon if selected,
172,spouse_kwork/05_KWORK_FULL_COPY_CARDS_RU.md,markdown_cards,Nastya-172,Nastya,Пакеты,Прочее,,,needs_canon_rewrite,rebuild into canon if selected,
173,spouse_kwork/05_KWORK_FULL_COPY_CARDS_RU.md,markdown_cards,Nastya-173,Nastya,Дополнительные опции,Прочее,,,needs_canon_rewrite,rebuild into canon if selected,
174,spouse_kwork/05_KWORK_FULL_COPY_CARDS_RU.md,markdown_cards,Nastya-174,Nastya,Что нужно от клиента,Прочее,,,needs_canon_rewrite,rebuild into canon if selected,
175,spouse_kwork/05_KWORK_FULL_COPY_CARDS_RU.md,markdown_cards,Nastya-175,Nastya,Теги,Прочее,,,needs_canon_rewrite,rebuild into canon if selected,
176,spouse_kwork/05_KWORK_FULL_COPY_CARDS_RU.md,markdown_cards,Nastya-176,Nastya,Частые вопросы,Прочее,,,needs_canon_rewrite,rebuild into canon if selected,
177,spouse_kwork/05_KWORK_FULL_COPY_CARDS_RU.md,markdown_cards,Nastya-177,Nastya,Вопрос 1,Прочее,,,needs_canon_rewrite,rebuild into canon if selected,
178,spouse_kwork/05_KWORK_FULL_COPY_CARDS_RU.md,markdown_cards,Nastya-178,Nastya,Ответ 1,Прочее,,,needs_canon_rewrite,rebuild into canon if selected,
179,spouse_kwork/05_KWORK_FULL_COPY_CARDS_RU.md,markdown_cards,Nastya-179,Nastya,Вопрос 2,Прочее,,,needs_canon_rewrite,rebuild into canon if selected,
180,spouse_kwork/05_KWORK_FULL_COPY_CARDS_RU.md,markdown_cards,Nastya-180,Nastya,Ответ 2,Прочее,,,needs_canon_rewrite,rebuild into canon if selected,
181,spouse_kwork/05_KWORK_FULL_COPY_CARDS_RU.md,markdown_cards,Nastya-181,Nastya,Вопрос 3,Прочее,,,needs_canon_rewrite,rebuild into canon if selected,
182,spouse_kwork/05_KWORK_FULL_COPY_CARDS_RU.md,markdown_cards,Nastya-182,Nastya,Ответ 3,Прочее,,,needs_canon_rewrite,rebuild into canon if selected,
183,vlad_kwork/2026-06-kwork-cards-draft.md,markdown_cards,Vlad-1,Vlad,"Kwork 1. ТЗ, Gantt, Codex Prompt",Прочее,,,needs_canon_rewrite,rebuild into canon if selected,
184,vlad_kwork/2026-06-kwork-cards-draft.md,markdown_cards,Vlad-2,Vlad,Title,Прочее,,,needs_canon_rewrite,rebuild into canon if selected,
185,vlad_kwork/2026-06-kwork-cards-draft.md,markdown_cards,Vlad-3,Vlad,Category,Прочее,,,needs_canon_rewrite,rebuild into canon if selected,
186,vlad_kwork/2026-06-kwork-cards-draft.md,markdown_cards,Vlad-4,Vlad,Description,Прочее,,,needs_canon_rewrite,rebuild into canon if selected,
187,vlad_kwork/2026-06-kwork-cards-draft.md,markdown_cards,Vlad-5,Vlad,Packages,Прочее,,,needs_canon_rewrite,rebuild into canon if selected,
188,vlad_kwork/2026-06-kwork-cards-draft.md,markdown_cards,Vlad-6,Vlad,Kwork 2. AI/Codex Workflow,Прочее,,,needs_canon_rewrite,rebuild into canon if selected,
189,vlad_kwork/2026-06-kwork-cards-draft.md,markdown_cards,Vlad-7,Vlad,Title,Прочее,,,needs_canon_rewrite,rebuild into canon if selected,
190,vlad_kwork/2026-06-kwork-cards-draft.md,markdown_cards,Vlad-8,Vlad,Category,Прочее,,,needs_canon_rewrite,rebuild into canon if selected,
191,vlad_kwork/2026-06-kwork-cards-draft.md,markdown_cards,Vlad-9,Vlad,Description,Прочее,,,needs_canon_rewrite,rebuild into canon if selected,
192,vlad_kwork/2026-06-kwork-cards-draft.md,markdown_cards,Vlad-10,Vlad,Packages,Прочее,,,needs_canon_rewrite,rebuild into canon if selected,
193,vlad_kwork/2026-06-kwork-cards-draft.md,markdown_cards,Vlad-11,Vlad,Kwork 3. B2B КП and Case Packaging,Прочее,,,needs_canon_rewrite,rebuild into canon if selected,
194,vlad_kwork/2026-06-kwork-cards-draft.md,markdown_cards,Vlad-12,Vlad,Title,Прочее,,,needs_canon_rewrite,rebuild into canon if selected,
195,vlad_kwork/2026-06-kwork-cards-draft.md,markdown_cards,Vlad-13,Vlad,Category,Прочее,,,needs_canon_rewrite,rebuild into canon if selected,
196,vlad_kwork/2026-06-kwork-cards-draft.md,markdown_cards,Vlad-14,Vlad,Description,Прочее,,,needs_canon_rewrite,rebuild into canon if selected,
197,vlad_kwork/2026-06-kwork-cards-draft.md,markdown_cards,Vlad-15,Vlad,Packages,Прочее,,,needs_canon_rewrite,rebuild into canon if selected,
198,vsheimo profile/vsheimo/kwork/kwork_services_pack_v3_more_factual.xlsx,archive_xlsx_vlad_pack,01 AI automation,Vlad,"Соберу AI-автоматизацию бизнеса: бот, CRM, API, отчеты",Прочее,"Разработка и IT -> Скрипты, боты и mini apps -> ИИ-боты",15 000 ₽,Готово к переносу,use as archive draft,"Соберу AI-автоматизацию под ваш бизнес-процесс: бот/ассистент, обработка входящих данных, интеграции с CRM, таблицами, API и понятная отчетность."
199,vsheimo profile/vsheimo/kwork/kwork_services_pack_v3_more_factual.xlsx,archive_xlsx_vlad_pack,02 TG WA bot,Vlad,"Сделаю Telegram-бота для заявок, оплат, CRM и статусов",Прочее,"Разработка и IT -> Скрипты, боты и mini apps -> Чат-боты",12 000 ₽,Готово к переносу,use as archive draft,"Соберу Telegram-бота или WhatsApp-ассистента, который принимает заявки, задает вопросы, фиксирует лид, передает данные в таблицу/CRM, проверяет оплату и показывает статус обработки."
200,vsheimo profile/vsheimo/kwork/kwork_services_pack_v3_more_factual.xlsx,archive_xlsx_vlad_pack,03 Data parsing,Vlad,Соберу и очищу базу клиентов для продаж в Excel/CRM,Прочее,Соцсети и маркетинг -> Базы данных и клиентов -> Сбор данных,7 000 ₽,Готово к переносу,use as archive draft,"Соберу, очищу и структурирую базу под отдел продаж: источники, фильтры, дедубликация, нормализация полей, сегменты и выдача в Excel/CSV/Google Sheets."
201,vsheimo profile/vsheimo/kwork/kwork_services_pack_v3_more_factual.xlsx,archive_xlsx_vlad_pack,04 Auto export,Vlad,Настрою автовыгрузку данных в Excel или Google Sheets,Прочее,Разработка и IT -> Десктоп программирование -> Макросы для Office,8 000 ₽,Готово к переносу,use as archive draft,"Настрою автоматическую выгрузку данных из канала, маркетплейса, CRM, сайта или сервиса в Excel/Google Sheets: структура таблицы, расписание, проверка ошибок, история обновлений и инструкция."
202,vsheimo profile/vsheimo/kwork/kwork_services_pack_v3_more_factual.xlsx,archive_xlsx_vlad_pack,05 Proposal,Vlad,Соберу коммерческое предложение в PPT/PDF под продажу,Прочее,Тексты и переводы -> Продающие и бизнес тексты -> Коммерческие предложения,10 000 ₽,Готово к переносу,use as archive draft,"Соберу коммерческое предложение как продающую структуру: проблема клиента, оффер, выгоды, доказательства, план внедрения, стоимость и следующий шаг. Итог - PPT/PDF для отправки, встречи или созвона."
203,vsheimo profile/vsheimo/kwork/kwork_services_pack_v3_more_factual.xlsx,archive_xlsx_vlad_pack,06 Dashboard,Vlad,"Соберу управленческий дашборд: KPI, продажи, лиды",Прочее,Бизнес и жизнь -> Персональный помощник -> Анализ информации,12 000 ₽,Готово к переносу,use as archive draft,"Соберу дашборд для управления: KPI, лиды, продажи, воронка, источники, статусы и отставания. Подключу таблицы/API, настрою фильтры и сделаю страницу для решений."
204,vsheimo profile/vsheimo/kwork/kwork_services_pack_v3_more_factual.xlsx,archive_xlsx_vlad_pack,07 Office automation,Vlad,"Автоматизирую Excel и Word: отчеты, расчеты, документы",Прочее,Разработка и IT -> Десктоп программирование -> Макросы для Office,8 000 ₽,Готово к переносу,use as archive draft,"Автоматизирую ручную работу в Excel и Word: расчеты, сводки, отчеты, шаблоны документов, проверки, макросы и инструкции."
205,vsheimo profile/vsheimo/kwork/kwork_services_pack_v3_more_factual.xlsx,archive_xlsx_vlad_pack,08 Mini app,Vlad,"Сделаю Telegram Mini App с админкой, ролями и оплатой",Прочее,"Разработка и IT -> Скрипты, боты и mini apps -> Telegram Mini Apps",20 000 ₽,Готово к переносу,use as archive draft,"Соберу Telegram Mini App или web-минисервис под ваш процесс: интерфейс, роли пользователей, база данных, заявки, платежи, админка, статусы и базовая отчетность."
206,vsheimo profile/vsheimo/kwork/kwork_services_pack_v3_more_factual.xlsx,archive_xlsx_vlad_pack,09 Site funnel fixes,Vlad,"Доработаю сайт под заявки: формы, кнопки, CRM, статусы",Прочее,Разработка и IT -> Доработка сайта,15 000 ₽,archive_sheet,rebuild into canon if selected,"Доработаю сайт не ради правок, а под воронку: формы, кнопки, заявки, уведомления, CRM/таблица, статусы и понятная приемка."
207,vsheimo profile/vsheimo/kwork/kwork_services_pack_v3_more_factual.xlsx,archive_xlsx_vlad_pack,10 Site speed,Vlad,Ускорю сайт и дам отчет по PageSpeed/Core Web Vitals,Прочее,Разработка и IT -> Доработка и настройка сайта -> Ускорение сайта,12 000 ₽,archive_sheet,rebuild into canon if selected,"Проверю скорость сайта, найду тяжелые места, оптимизирую очевидные узкие места и дам понятный отчет: что сделано, что осталось, что влияет на заявки."
208,vsheimo profile/vsheimo/kwork/kwork_services_pack_v3_more_factual.xlsx,archive_xlsx_vlad_pack,11 Site protection,Vlad,"Защищу сайт от спама, ботов и мусорных заявок",Прочее,Разработка и IT -> Доработка и настройка сайта -> Защита и лечение сайта,15 000 ₽,archive_sheet,rebuild into canon if selected,"Поставлю базовый защитный контур: антиспам форм, защита от мусорных заявок, SSL/Cloudflare-проверка, логика фильтрации и чек-лист контроля."
209,vsheimo profile/vsheimo/kwork/kwork_services_pack_v3_more_factual.xlsx,archive_xlsx_vlad_pack,12 UX conversion audit,Vlad,Проведу аудит сайта и дам ТЗ на рост заявок,Прочее,Дизайн -> Веб и мобильный дизайн -> Юзабилити-аудит,15 000 ₽,archive_sheet,rebuild into canon if selected,"Разберу сайт глазами клиента и продаж: где теряется доверие, почему не оставляют заявку, какие блоки мешают покупке и что исправить первым."
210,vsheimo profile/vsheimo/kwork/kwork_services_pack_v3_more_factual.xlsx,archive_xlsx_vlad_pack,13 B2B landing,Vlad,Соберу лендинг под B2B-оффер и заявки,Прочее,Разработка и IT -> Создание сайтов -> Новый сайт,25 000 ₽,archive_sheet,rebuild into canon if selected,"Соберу структуру лендинга под сложную B2B-услугу: оффер, блоки доверия, аргументы, форма заявки, путь клиента и ТЗ на реализацию."
211,vsheimo profile/vsheimo/kwork/kwork_services_pack_v3_more_factual.xlsx,archive_xlsx_vlad_pack,14 CRM funnel,Vlad,"Настрою CRM-воронку: статусы, KPI, задачи, контроль",Прочее,Бизнес и жизнь -> Персональный помощник -> Менеджмент проектов,30 000 ₽,archive_sheet,rebuild into canon if selected,"Разложу продажи в CRM-логику: статусы, ответственные, KPI, задачи, контрольные точки, причины потерь и регулярный отчет руководителю."
212,vsheimo profile/vsheimo/kwork/kwork_services_pack_v3_more_factual.xlsx,archive_xlsx_vlad_pack,15 Forms integration,Vlad,"Свяжу формы сайта с CRM, таблицей и уведомлениями",Прочее,Разработка и IT -> Доработка сайта,18 000 ₽,archive_sheet,rebuild into canon if selected,"Сделаю, чтобы заявки с сайта не терялись: форма отправляет данные в таблицу/CRM, менеджер получает уведомление, статус фиксируется."
213,vsheimo profile/vsheimo/kwork/kwork_services_pack_v3_more_factual.xlsx,archive_xlsx_vlad_pack,16 Marketing audit,Vlad,Разберу маркетинг и продажи: где теряются заявки,Прочее,Бизнес и жизнь -> Обучение и консалтинг,20 000 ₽,archive_sheet,rebuild into canon if selected,"Проведу разбор: оффер, сайт, КП, воронка, источники, менеджеры, документы. На выходе - карта потерь и план исправлений."
214,vsheimo profile/vsheimo/kwork/kwork_services_pack_v3_more_factual.xlsx,archive_xlsx_vlad_pack,17 Content map,Vlad,"Соберу карту контента: темы, офферы, посты, SEO",Прочее,Бизнес и жизнь -> Персональный помощник -> Менеджмент проектов,12 000 ₽,archive_sheet,rebuild into canon if selected,"Соберу карту контента под продажи: темы, боли клиента, офферы, форматы постов, SEO-направления и сценарии прогрева."
215,vsheimo profile/vsheimo/kwork/kwork_services_pack_v3_more_factual.xlsx,archive_xlsx_vlad_pack,18 Email contour,Vlad,Настрою деловую почту и рассылочный контур без хаоса,Прочее,Соцсети и маркетинг -> E-mail рассылки -> E-mail маркетинг и рассылки,18 000 ₽,archive_sheet,rebuild into canon if selected,"Настрою базовый e-mail-контур: доменная почта, отправка, шаблон письма, структура рассылки, контроль доставляемости и инструкция."
216,vsheimo profile/vsheimo/kwork/kwork_services_pack_v3_more_factual.xlsx,archive_xlsx_vlad_pack,19 Offline tool,Vlad,Соберу офлайн-инструмент для документов и учета,Прочее,Разработка и IT -> Десктоп программирование -> Программы на заказ,35 000 ₽,archive_sheet,rebuild into canon if selected,"Соберу простой офлайн-инструмент под ваш процесс: документы, учет, расчеты, карточки, экспорт в PDF/PPT/Excel и контроль ошибок."
217,vsheimo profile/vsheimo/kwork/kwork_services_pack_v3_more_factual.xlsx,archive_xlsx_vlad_pack,20 Strategy session,Vlad,Соберу конструктор стратегической сессии для команды,Прочее,Бизнес и жизнь -> Персональный помощник -> Менеджмент проектов,25 000 ₽,archive_sheet,rebuild into canon if selected,"Соберу сценарий стратегической сессии: вопросы, блоки, карта проблем, решения, роли, протокол и итоговый план внедрения."
218,vsheimo profile/vsheimo/kwork/kwork_services_pack_v3_more_factual.xlsx,archive_xlsx_vlad_pack,21 CV ML audit,Vlad,Соберу ТЗ на компьютерное зрение или ML-модуль,Прочее,Разработка и IT -> Машинное обучение,35 000 ₽,archive_sheet,rebuild into canon if selected,"Разложу задачу компьютерного зрения или ML в рабочее ТЗ: входные данные, классы событий, метрики, ограничения, схема MVP и план проверки."
219,vsheimo profile/vsheimo/kwork/kwork_services_pack_v3_more_factual.xlsx,archive_xlsx_vlad_pack,22 API integration spec,Vlad,Соберу ТЗ на API-интеграцию между сервисами,Прочее,"Разработка и IT -> Скрипты, боты и mini apps -> Скрипты",25 000 ₽,archive_sheet,rebuild into canon if selected,"Опишу интеграцию между CRM, сайтом, таблицами, ботом, платежами или внутренней системой так, чтобы разработчик мог брать в работу без гадания."
220,vsheimo profile/vsheimo/kwork/kwork_services_pack_v3_more_factual.xlsx,archive_xlsx_vlad_pack,23 QA acceptance,Vlad,Протестирую сайт/сервис и дам чек-лист приемки,Прочее,"Разработка и IT -> Юзабилити, тесты и помощь -> Тестирование на ошибки",20 000 ₽,archive_sheet,rebuild into canon if selected,"Проверю сайт, кабинет, форму, бот или внутренний сервис по сценариям пользователя и дам список багов, рисков и критериев приемки."
221,vsheimo profile/vsheimo/kwork/kwork_services_pack_v3_more_factual.xlsx,archive_xlsx_vlad_pack,24 ERP 1C logic,Vlad,Разложу учетный процесс под ERP/1C/таблицы,Прочее,Разработка и IT -> 1С,35 000 ₽,archive_sheet,rebuild into canon if selected,"Опишу учетный процесс перед внедрением или доработкой: роли, документы, статусы, поля, отчеты, ошибки и что должно сходиться."
222,vsheimo profile/vsheimo/kwork/kwork_services_pack_v3_more_factual.xlsx,archive_xlsx_vlad_pack,25 Ops control,Vlad,Соберу операционный регламент для команды,Прочее,Бизнес и жизнь -> Персональный помощник -> Менеджмент проектов,25 000 ₽,archive_sheet,rebuild into canon if selected,"Соберу регламент, где понятно: кто делает, что передает, где фиксирует, кто проверяет и когда задача считается закрытой."
223,vsheimo profile/vsheimo/kwork/kwork_services_pack_v3_more_factual.xlsx,archive_xlsx_vlad_pack,26 Knowledge base,Vlad,Соберу внутреннюю базу знаний для команды,Прочее,Бизнес и жизнь -> Персональный помощник -> Любая интеллектуальная работа,30 000 ₽,archive_sheet,rebuild into canon if selected,"Соберу базу знаний: структура разделов, инструкции, шаблоны, FAQ, регламенты, права и логика обновления."
224,vsheimo profile/vsheimo/kwork/kwork_services_pack_v3_more_factual.xlsx,archive_xlsx_vlad_pack,27 Sales scripts,Vlad,Соберу скрипт продаж и карту возражений,Прочее,Тексты и переводы -> Продающие и бизнес тексты -> Скрипты продаж и выступлений,20 000 ₽,archive_sheet,rebuild into canon if selected,"Соберу скрипт не как театральную реплику, а как карту сделки: вход, квалификация, боль, аргументы, возражения, следующий шаг."
225,vsheimo profile/vsheimo/kwork/kwork_services_pack_v3_more_factual.xlsx,archive_xlsx_vlad_pack,28 Avito offer,Vlad,Упакую объявление Авито под заявки и доверие,Прочее,Соцсети и маркетинг -> Маркетплейсы и доски объявлений -> Доски объявлений,18 000 ₽,archive_sheet,rebuild into canon if selected,"Разберу товар/услугу и соберу объявление: заголовок, первые строки, аргументы, фото-логика, ответы на сомнения, CTA."
226,vsheimo profile/vsheimo/kwork/kwork_services_pack_v3_more_factual.xlsx,archive_xlsx_vlad_pack,29 Ads brief,Vlad,Соберу ТЗ для Яндекс Директ/Google Ads без слива бюджета,Прочее,Соцсети и маркетинг -> Контекстная реклама -> Яндекс Директ,25 000 ₽,archive_sheet,rebuild into canon if selected,"Соберу рекламное ТЗ: сегменты, офферы, минус-логика, посадочные страницы, события, метрики, вопросы к подрядчику и приемка."
227,vsheimo profile/vsheimo/kwork/kwork_services_pack_v3_more_factual.xlsx,archive_xlsx_vlad_pack,30 Game mechanics,Vlad,"Спроектирую игровую механику: ELO, награды, прогресс",Прочее,Разработка и IT -> Игры -> Разработка игр,30 000 ₽,archive_sheet,rebuild into canon if selected,"Соберу механику для игры/бота/комьюнити: рейтинг, матчи, награды, инвентарь, прогресс, антиабуз и таблицы баланса."
228,vsheimo profile/vsheimo/kwork/kwork_services_pack_v3_more_factual.xlsx,archive_xlsx_vlad_pack,31 Investor deck logic,Vlad,Соберу логику pitch deck для проекта или продукта,Прочее,Тексты и переводы -> Продающие и бизнес тексты -> Скрипты продаж и выступлений,30 000 ₽,archive_sheet,rebuild into canon if selected,"Соберу смысловую структуру pitch deck: проблема, рынок, продукт, модель, доказательства, план, риски, запрос."
229,vsheimo profile/vsheimo/kwork/kwork_services_pack_v3_more_factual.xlsx,archive_xlsx_vlad_pack,32 Project rescue,Vlad,Разберу зависший IT-проект и дам план спасения,Прочее,Бизнес и жизнь -> Персональный помощник -> Любая интеллектуальная работа,35 000 ₽,archive_sheet,rebuild into canon if selected,"Разберу зависший проект: что есть, что сломано, кто что должен, где долги, что можно запустить быстро, что лучше не трогать."
